FIELD1,FIELD2,day down,time down,day up,time up,FIELD8,FIELD9,FIELD10,FIELD11,FIELD12,Diff,Diff(min)
18/06/2015 19:15:00,18/06/2015 19:59:00,0,19:15,0,19:59,,18/06/2015 19:15:00,18/06/2015 19:15:00,0.802083333,Start date,0:44,44
18/06/2015 22:10:00,18/06/2015 22:35:00,0,22:10,0,22:35,Not Past Midnight,18/06/2015 22:10:00,18/06/2015 19:59:00,0.832638889,18/06/2015,0:25,25
19/06/2015 00:01:00,19/06/2015 04:38:00,1,0:01,1,4:38,,19/06/2015 00:01:00,18/06/2015 22:10:00,0.923611111,,4:37,277
19/06/2015 05:43:00,19/06/2015 09:01:00,1,5:43,1,9:01,,19/06/2015 05:43:00,18/06/2015 22:35:00,0.940972222,,3:18,198
19/06/2015 13:50:00,19/06/2015 15:39:00,1,13:50,1,15:39,,19/06/2015 13:50:00,19/06/2015 00:01:00,1.000694444,,1:49,109
19/06/2015 22:01:00,19/06/2015 22:36:00,1,22:01,1,22:36,,19/06/2015 22:01:00,19/06/2015 04:38:00,1.193055556,,0:35,35
19/06/2015 23:20:00,20/06/2015 00:22:00,1,0:00,2,0:22,Past Midnight,19/06/2015 23:20:00,19/06/2015 05:43:00,1.238194444,,0:22,22
20/06/2015 01:21:00,20/06/2015 03:02:00,2,1:21,2,3:02,,20/06/2015 01:21:00,19/06/2015 09:01:00,1.375694444,,1:41,101
20/06/2015 03:17:00,20/06/2015 05:31:00,2,3:17,2,5:31,,20/06/2015 03:17:00,19/06/2015 13:50:00,1.576388889,,2:14,134
20/06/2015 07:15:00,20/06/2015 10:30:00,2,7:15,2,10:30,,20/06/2015 07:15:00,19/06/2015 15:39:00,1.652083333,,3:15,195
20/06/2015 12:27:00,20/06/2015 13:27:00,2,12:27,2,13:27,,20/06/2015 12:27:00,19/06/2015 22:01:00,1.917361111,,1:00,60
20/06/2015 17:57:00,20/06/2015 18:27:00,2,17:57,2,18:27,,20/06/2015 17:57:00,19/06/2015 22:36:00,1.941666667,,0:30,30
20/06/2015 18:45:00,20/06/2015 19:36:00,2,18:45,2,19:36,,20/06/2015 18:45:00,19/06/2015 23:20:00,1.972222222,,0:51,51
20/06/2015 20:00:00,20/06/2015 20:36:00,2,20:00,2,20:36,,20/06/2015 20:00:00,20/06/2015 00:22:00,2.015277778,,0:36,36
20/06/2015 21:00:00,20/06/2015 22:06:00,2,21:00,2,22:06,,20/06/2015 21:00:00,20/06/2015 01:21:00,2.05625,,1:06,66
20/06/2015 23:50:00,21/06/2015 03:58:00,2,0:00,3,3:58,Past Midnight,20/06/2015 23:50:00,20/06/2015 03:02:00,2.126388889,,3:58,238
21/06/2015 06:07:00,21/06/2015 08:26:00,3,6:07,3,8:26,,21/06/2015 06:07:00,20/06/2015 03:17:00,2.136805556,,2:19,139
21/06/2015 09:35:00,21/06/2015 10:20:00,3,9:35,3,10:20,,21/06/2015 09:35:00,20/06/2015 05:31:00,2.229861111,,0:45,45
21/06/2015 11:45:00,21/06/2015 13:57:00,3,11:45,3,13:57,,21/06/2015 11:45:00,20/06/2015 07:15:00,2.302083333,,2:12,132
21/06/2015 17:35:00,21/06/2015 17:57:00,3,17:35,3,17:57,,21/06/2015 17:35:00,20/06/2015 10:30:00,2.4375,,0:22,22
21/06/2015 22:05:00,21/06/2015 22:27:00,3,22:05,3,22:27,Not Past Midnight,21/06/2015 22:05:00,20/06/2015 12:27:00,2.51875,,0:22,22
22/06/2015 01:55:00,22/06/2015 02:59:00,4,1:55,4,2:59,,22/06/2015 01:55:00,20/06/2015 13:27:00,2.560416667,,1:04,64
22/06/2015 03:00:00,22/06/2015 06:22:00,4,3:00,4,6:22,,22/06/2015 03:00:00,20/06/2015 17:57:00,2.747916667,,3:22,202
22/06/2015 11:40:00,22/06/2015 12:20:00,4,11:40,4,12:20,,22/06/2015 11:40:00,20/06/2015 18:27:00,2.76875,,0:40,40
22/06/2015 13:02:00,22/06/2015 15:32:00,4,13:02,4,15:32,,22/06/2015 13:02:00,20/06/2015 18:45:00,2.78125,,2:30,150
22/06/2015 18:33:00,22/06/2015 18:51:00,4,18:33,4,18:51,,22/06/2015 18:33:00,20/06/2015 19:36:00,2.816666667,,0:18,18
22/06/2015 20:00:00,22/06/2015 20:36:00,4,20:00,4,20:36,Not Past Midnight,22/06/2015 20:00:00,20/06/2015 20:00:00,2.833333333,,0:36,36
23/06/2015 00:15:00,23/06/2015 01:55:00,5,0:15,5,1:55,,23/06/2015 00:15:00,20/06/2015 20:36:00,2.858333333,,1:40,100
23/06/2015 04:00:00,23/06/2015 07:05:00,5,4:00,5,7:05,,23/06/2015 04:00:00,20/06/2015 21:00:00,2.875,,3:05,185
23/06/2015 09:31:00,23/06/2015 10:41:00,5,9:31,5,10:41,,23/06/2015 09:31:00,20/06/2015 22:06:00,2.920833333,,1:10,70
23/06/2015 14:30:00,23/06/2015 15:30:00,5,14:30,5,15:30,,23/06/2015 14:30:00,20/06/2015 23:50:00,2.993055556,,1:00,60
23/06/2015 20:40:00,23/06/2015 21:18:00,5,20:40,5,21:18,,23/06/2015 20:40:00,21/06/2015 03:58:00,3.165277778,,0:38,38
23/06/2015 21:37:00,23/06/2015 22:06:00,5,21:37,5,22:06,Not Past Midnight,23/06/2015 21:37:00,21/06/2015 06:07:00,3.254861111,,0:29,29
24/06/2015 00:21:00,24/06/2015 01:33:00,6,0:21,6,1:33,,24/06/2015 00:21:00,21/06/2015 08:26:00,3.351388889,,1:12,72
24/06/2015 02:05:00,24/06/2015 04:55:00,6,2:05,6,4:55,,24/06/2015 02:05:00,21/06/2015 09:35:00,3.399305556,,2:50,170
24/06/2015 05:50:00,24/06/2015 06:30:00,6,5:50,6,6:30,,24/06/2015 05:50:00,21/06/2015 10:20:00,3.430555556,,0:40,40
24/06/2015 07:28:00,24/06/2015 09:25:00,6,7:28,6,9:25,,24/06/2015 07:28:00,21/06/2015 11:45:00,3.489583333,,1:57,117
24/06/2015 16:45:00,24/06/2015 17:06:00,6,16:45,6,17:06,,24/06/2015 16:45:00,21/06/2015 13:57:00,3.58125,,0:21,21
24/06/2015 17:35:00,24/06/2015 17:57:00,6,17:35,6,17:57,,24/06/2015 17:35:00,21/06/2015 17:35:00,3.732638889,,0:22,22
24/06/2015 21:10:00,24/06/2015 21:31:00,0,21:10,6,21:31,,24/06/2015 21:10:00,21/06/2015 17:57:00,3.747916667,,0:21,21
24/06/2015 23:40:00,25/06/2015 00:46:00,6,0:00,7,0:46,Past Midnight,24/06/2015 23:40:00,21/06/2015 22:05:00,3.920138889,,0:46,46
25/06/2015 01:06:00,25/06/2015 05:22:00,7,1:06,7,5:22,,25/06/2015 01:06:00,21/06/2015 22:27:00,3.935416667,,4:16,256
25/06/2015 06:30:00,25/06/2015 07:30:00,7,6:30,7,7:30,,25/06/2015 06:30:00,22/06/2015 01:55:00,4.079861111,,1:00,60
25/06/2015 09:10:00,25/06/2015 10:10:00,7,9:10,7,10:10,,25/06/2015 09:10:00,22/06/2015 02:59:00,4.124305556,,1:00,60
25/06/2015 20:45:00,25/06/2015 21:40:00,7,20:45,7,21:40,,25/06/2015 20:45:00,22/06/2015 03:00:00,4.125,,0:55,55
25/06/2015 23:35:00,26/06/2015 03:25:00,7,0:00,8,3:25,Past Midnight,25/06/2015 23:35:00,22/06/2015 06:22:00,4.265277778,,3:25,205
26/06/2015 04:20:00,26/06/2015 06:30:00,8,4:20,8,6:30,,26/06/2015 04:20:00,22/06/2015 11:40:00,4.486111111,,2:10,130
26/06/2015 10:30:00,26/06/2015 11:55:00,8,10:30,8,11:55,,26/06/2015 10:30:00,22/06/2015 12:20:00,4.513888889,,1:25,85
26/06/2015 19:20:00,26/06/2015 19:52:00,8,19:20,8,19:52,,26/06/2015 19:20:00,22/06/2015 13:02:00,4.543055556,,0:32,32
26/06/2015 20:57:00,26/06/2015 22:44:00,8,20:57,8,22:44,,26/06/2015 20:57:00,22/06/2015 15:32:00,4.647222222,,1:47,107
26/06/2015 23:20:00,27/06/2015 00:50:00,8,0:00,9,0:50,Past Midnight,26/06/2015 23:20:00,22/06/2015 18:33:00,4.772916667,,0:50,50
27/06/2015 03:30:00,27/06/2015 06:20:00,9,3:30,9,6:20,,27/06/2015 03:30:00,22/06/2015 18:51:00,4.785416667,,2:50,170
27/06/2015 06:45:00,27/06/2015 07:30:00,9,6:45,9,7:30,,27/06/2015 06:45:00,22/06/2015 20:00:00,4.833333333,,0:45,45
27/06/2015 09:00:00,27/06/2015 10:22:00,9,9:00,9,10:22,,27/06/2015 09:00:00,22/06/2015 20:36:00,4.858333333,,1:22,82
27/06/2015 11:50:00,27/06/2015 12:25:00,9,11:50,9,12:25,,27/06/2015 11:50:00,23/06/2015 00:15:00,5.010416667,,0:35,35
27/06/2015 12:45:00,27/06/2015 14:20:00,9,12:45,9,14:20,,27/06/2015 12:45:00,23/06/2015 01:55:00,5.079861111,,1:35,95
27/06/2015 15:45:00,27/06/2015 16:10:00,9,15:45,9,16:10,,27/06/2015 15:45:00,23/06/2015 04:00:00,5.166666667,,0:25,25
27/06/2015 18:50:00,27/06/2015 19:20:00,9,18:50,9,19:20,,27/06/2015 18:50:00,23/06/2015 07:05:00,5.295138889,,0:30,30
27/06/2015 23:20:00,28/06/2015 01:48:00,9,0:00,10,1:48,Past Midnight,27/06/2015 23:20:00,23/06/2015 09:31:00,5.396527778,,1:48,108
28/06/2015 03:05:00,28/06/2015 06:55:00,10,3:05,10,6:55,,28/06/2015 03:05:00,23/06/2015 10:41:00,5.445138889,,3:50,230
28/06/2015 07:48:00,28/06/2015 08:54:00,10,7:48,10,8:54,,28/06/2015 07:48:00,23/06/2015 14:30:00,5.604166667,,1:06,66
28/06/2015 09:15:00,28/06/2015 09:55:00,10,9:15,10,9:55,,28/06/2015 09:15:00,23/06/2015 15:30:00,5.645833333,,0:40,40
28/06/2015 11:10:00,28/06/2015 12:30:00,10,11:10,10,12:30,,28/06/2015 11:10:00,23/06/2015 20:40:00,5.861111111,,1:20,80
28/06/2015 18:00:00,28/06/2015 20:50:00,10,18:00,10,20:50,,28/06/2015 18:00:00,23/06/2015 21:18:00,5.8875,,2:50,170
28/06/2015 22:00:00,28/06/2015 22:40:00,10,22:00,10,22:40,,28/06/2015 22:00:00,23/06/2015 21:37:00,5.900694444,,0:40,40
28/06/2015 23:32:00,29/06/2015 03:32:00,10,0:00,11,3:32,Past Midnight,28/06/2015 23:32:00,23/06/2015 22:06:00,5.920833333,,3:32,212
29/06/2015 04:45:00,29/06/2015 07:45:00,11,4:45,11,7:45,,29/06/2015 04:45:00,24/06/2015 00:21:00,6.014583333,,3:00,180
29/06/2015 10:56:00,29/06/2015 13:56:00,11,10:56,11,13:56,,29/06/2015 10:56:00,24/06/2015 01:33:00,6.064583333,,3:00,180
29/06/2015 15:55:00,29/06/2015 16:31:00,11,15:55,11,16:31,,29/06/2015 15:55:00,24/06/2015 02:05:00,6.086805556,,0:36,36
29/06/2015 17:20:00,29/06/2015 18:00:00,11,17:20,11,18:00,,29/06/2015 17:20:00,24/06/2015 04:55:00,6.204861111,,0:40,40
29/06/2015 20:20:00,29/06/2015 20:40:00,11,20:20,11,20:40,,29/06/2015 20:20:00,24/06/2015 05:50:00,6.243055556,,0:20,20
29/06/2015 21:45:00,29/06/2015 22:33:00,11,21:45,11,22:33,,29/06/2015 21:45:00,24/06/2015 06:30:00,6.270833333,,0:48,48
29/06/2015 23:50:00,30/06/2015 02:04:00,11,0:00,12,2:04,Past Midnight,29/06/2015 23:50:00,24/06/2015 07:28:00,6.311111111,,2:04,124
30/06/2015 04:00:00,30/06/2015 05:40:00,12,4:00,12,5:40,,30/06/2015 04:00:00,24/06/2015 09:25:00,6.392361111,,1:40,100
30/06/2015 05:40:00,30/06/2015 07:00:00,12,5:40,12,7:00,,30/06/2015 05:40:00,24/06/2015 16:45:00,6.697916667,,1:20,80
30/06/2015 10:00:00,30/06/2015 13:00:00,12,10:00,12,13:00,,30/06/2015 10:00:00,24/06/2015 17:06:00,6.7125,,3:00,180
30/06/2015 17:13:00,30/06/2015 17:19:00,12,17:13,12,17:19,,30/06/2015 17:13:00,24/06/2015 17:35:00,6.732638889,,0:06,6
30/06/2015 19:40:00,30/06/2015 20:53:00,12,19:40,12,20:53,Not Past Midnight,30/06/2015 19:40:00,24/06/2015 17:57:00,6.747916667,,1:13,73
1/7/2015 1:30,1/7/2015 3:58,13,1:30,13,3:58,,1/7/2015 1:30,24/06/2015 21:10:00,6.881944444,,2:28,148
1/7/2015 5:00,1/7/2015 7:30,13,5:00,13,7:30,,1/7/2015 5:00,24/06/2015 21:31:00,6.896527778,,2:30,150
1/7/2015 18:30,1/7/2015 18:53,13,18:30,13,18:53,Not Past Midnight,1/7/2015 18:30,24/06/2015 23:40:00,6.986111111,,0:23,23
2/7/2015 2:35,2/7/2015 6:20,14,2:35,14,6:20,,2/7/2015 2:35,25/06/2015 00:46:00,7.031944444,,3:45,225
2/7/2015 9:30,2/7/2015 11:50,14,9:30,14,11:50,,2/7/2015 9:30,25/06/2015 01:06:00,7.045833333,,2:20,140
2/7/2015 18:15,2/7/2015 18:40,14,18:15,14,18:40,,2/7/2015 18:15,25/06/2015 05:22:00,7.223611111,,0:25,25
2/7/2015 19:15,2/7/2015 19:55,14,19:15,14,19:55,,2/7/2015 19:15,25/06/2015 06:30:00,7.270833333,,0:40,40
2/7/2015 21:35,2/7/2015 22:45,14,21:35,14,22:45,,2/7/2015 21:35,25/06/2015 07:30:00,7.3125,,1:10,70
2/7/2015 23:05,3/7/2015 2:45,14,0:00,15,2:45,Past Midnight,2/7/2015 23:05,25/06/2015 09:10:00,7.381944444,,2:45,165
3/7/2015 4:00,3/7/2015 7:30,15,4:00,15,7:30,,3/7/2015 4:00,25/06/2015 10:10:00,7.423611111,,3:30,210
3/7/2015 23:30,3/7/2015 23:58,15,23:30,15,23:58,Not Past Midnight,3/7/2015 23:30,25/06/2015 20:45:00,7.864583333,,0:28,28
4/7/2015 0:10,4/7/2015 1:15,16,0:10,16,1:15,,4/7/2015 0:10,25/06/2015 21:40:00,7.902777778,,1:05,65
4/7/2015 3:00,4/7/2015 7:00,16,3:00,16,7:00,,4/7/2015 3:00,25/06/2015 23:35:00,7.982638889,,4:00,240
4/7/2015 8:50,4/7/2015 10:10,16,8:50,16,10:10,,4/7/2015 8:50,26/06/2015 03:25:00,8.142361111,,1:20,80
4/7/2015 11:55,4/7/2015 13:06,16,11:55,16,13:06,,4/7/2015 11:55,26/06/2015 04:20:00,8.180555556,,1:11,71
4/7/2015 13:20,4/7/2015 14:08,16,13:20,16,14:08,Not Past Midnight,4/7/2015 13:20,26/06/2015 06:30:00,8.270833333,,0:48,48
5/7/2015 0:03,5/7/2015 1:01,17,0:03,17,1:01,,5/7/2015 0:03,26/06/2015 10:30:00,8.4375,,0:58,58
5/7/2015 1:30,5/7/2015 5:20,17,1:30,17,5:20,,5/7/2015 1:30,26/06/2015 11:55:00,8.496527778,,3:50,230
5/7/2015 6:15,5/7/2015 8:00,17,6:15,17,8:00,,5/7/2015 6:15,26/06/2015 19:20:00,8.805555556,,1:45,105
5/7/2015 11:28,5/7/2015 14:54,17,11:28,17,14:54,,5/7/2015 11:28,26/06/2015 19:52:00,8.827777778,,3:26,206
5/7/2015 18:20,5/7/2015 18:45,17,18:20,17,18:45,,5/7/2015 18:20,26/06/2015 20:57:00,8.872916667,,0:25,25
5/7/2015 19:00,5/7/2015 19:40,17,19:00,17,19:40,,5/7/2015 19:00,26/06/2015 22:44:00,8.947222222,,0:40,40
5/7/2015 21:35,6/7/2015 0:51,17,0:00,18,0:51,Past Midnight,5/7/2015 21:35,26/06/2015 23:20:00,8.972222222,,0:51,51
6/7/2015 1:50,6/7/2015 6:27,18,1:50,18,6:27,,6/7/2015 1:50,27/06/2015 00:50:00,9.034722222,,4:37,277
6/7/2015 8:40,6/7/2015 11:15,18,8:40,18,11:15,,6/7/2015 8:40,27/06/2015 03:30:00,9.145833333,,2:35,155
6/7/2015 11:45,6/7/2015 13:05,18,11:45,18,13:05,,6/7/2015 11:45,27/06/2015 06:20:00,9.263888889,,1:20,80
6/7/2015 21:45,6/7/2015 23:10,18,21:45,18,23:10,,6/7/2015 21:45,27/06/2015 06:45:00,9.28125,,1:25,85
6/7/2015 23:45,7/7/2015 0:16,18,0:00,19,0:16,Past Midnight,6/7/2015 23:45,27/06/2015 07:30:00,9.3125,,0:16,16
7/7/2015 0:33,7/7/2015 4:07,19,0:33,19,4:07,,7/7/2015 0:33,27/06/2015 09:00:00,9.375,,3:34,214
7/7/2015 5:10,7/7/2015 9:15,19,5:10,19,9:15,,7/7/2015 5:10,27/06/2015 10:22:00,9.431944444,,4:05,245
7/7/2015 11:20,7/7/2015 11:53,19,11:20,19,11:53,,7/7/2015 11:20,27/06/2015 11:50:00,9.493055556,,0:33,33
7/7/2015 12:25,7/7/2015 13:52,19,12:25,19,13:52,,7/7/2015 12:25,27/06/2015 12:25:00,9.517361111,,1:27,87
7/7/2015 14:50,7/7/2015 15:35,19,14:50,19,15:35,,7/7/2015 14:50,27/06/2015 12:45:00,9.53125,,0:45,45
7/7/2015 17:00,7/7/2015 18:00,19,17:00,19,18:00,,7/7/2015 17:00,27/06/2015 14:20:00,9.597222222,,1:00,60
7/7/2015 19:10,7/7/2015 20:15,19,19:10,19,20:15,Not Past Midnight,7/7/2015 19:10,27/06/2015 15:45:00,9.65625,,1:05,65
8/7/2015 1:25,8/7/2015 6:55,20,1:25,20,6:55,,8/7/2015 1:25,27/06/2015 16:10:00,9.673611111,,5:30,330
8/7/2015 10:15,8/7/2015 12:11,20,10:15,20,12:11,,8/7/2015 10:15,27/06/2015 18:50:00,9.784722222,,1:56,116
8/7/2015 20:47,8/7/2015 21:10,20,20:47,20,21:10,,8/7/2015 20:47,27/06/2015 19:20:00,9.805555556,,0:23,23
8/7/2015 21:20,8/7/2015 21:34,20,21:20,20,21:34,,8/7/2015 21:20,27/06/2015 23:20:00,9.972222222,,0:14,14
8/7/2015 22:22,9/7/2015 4:53,20,0:00,21,4:53,Past Midnight,8/7/2015 22:22,28/06/2015 01:48:00,10.075,,4:53,293
9/7/2015 15:55,9/7/2015 18:41,21,15:55,21,18:41,,9/7/2015 15:55,28/06/2015 03:05:00,10.12847222,,2:46,166
9/7/2015 21:45,9/7/2015 22:05,21,21:45,21,22:05,,9/7/2015 21:45,28/06/2015 06:55:00,10.28819444,,0:20,20
9/7/2015 23:25,10/7/2015 0:30,21,0:00,22,0:30,Past Midnight,9/7/2015 23:25,28/06/2015 07:48:00,10.325,,0:30,30
10/7/2015 0:58,10/7/2015 7:03,22,0:58,22,7:03,,10/7/2015 0:58,28/06/2015 08:54:00,10.37083333,,6:05,365
10/7/2015 9:35,10/7/2015 10:55,22,9:35,22,10:55,,10/7/2015 9:35,28/06/2015 09:15:00,10.38541667,,1:20,80
10/7/2015 13:30,10/7/2015 14:00,22,13:30,22,14:00,,10/7/2015 13:30,28/06/2015 09:55:00,10.41319444,,0:30,30
10/7/2015 18:50,10/7/2015 19:15,22,18:50,22,19:15,,10/7/2015 18:50,28/06/2015 11:10:00,10.46527778,,0:25,25
10/7/2015 19:25,10/7/2015 19:51,22,19:25,22,19:51,,10/7/2015 19:25,28/06/2015 12:30:00,10.52083333,,0:26,26
10/7/2015 22:10,10/7/2015 22:44,22,22:10,22,22:44,Not Past Midnight,10/7/2015 22:10,28/06/2015 18:00:00,10.75,,0:34,34
11/7/2015 0:05,11/7/2015 6:50,23,0:05,23,6:50,,11/7/2015 0:05,28/06/2015 20:50:00,10.86805556,,6:45,405
11/7/2015 8:15,11/7/2015 8:44,23,8:15,23,8:44,,11/7/2015 8:15,28/06/2015 22:00:00,10.91666667,,0:29,29
11/7/2015 16:19,11/7/2015 17:12,23,16:19,23,17:12,,11/7/2015 16:19,28/06/2015 22:40:00,10.94444444,,0:53,53
11/7/2015 18:20,11/7/2015 19:43,23,18:20,23,19:43,,11/7/2015 18:20,28/06/2015 23:32:00,10.98055556,,1:23,83
11/7/2015 20:47,11/7/2015 22:00,23,20:47,23,22:00,Not Past Midnight,11/7/2015 20:47,29/06/2015 03:32:00,11.14722222,,1:13,73
12/7/2015 1:00,12/7/2015 2:30,24,1:00,24,2:30,,12/7/2015 1:00,29/06/2015 04:45:00,11.19791667,,1:30,90
12/7/2015 4:30,12/7/2015 8:00,24,4:30,24,8:00,,12/7/2015 4:30,29/06/2015 07:45:00,11.32291667,,3:30,210
12/7/2015 13:00,12/7/2015 13:45,24,13:00,24,13:45,,12/7/2015 13:00,29/06/2015 10:56:00,11.45555556,,0:45,45
12/7/2015 16:35,12/7/2015 16:54,24,16:35,24,16:54,,12/7/2015 16:35,29/06/2015 13:56:00,11.58055556,,0:19,19
12/7/2015 19:40,12/7/2015 21:05,24,19:40,24,21:05,,12/7/2015 19:40,29/06/2015 15:55:00,11.66319444,,1:25,85
12/7/2015 22:15,12/7/2015 22:42,24,22:15,24,22:42,,12/7/2015 22:15,29/06/2015 16:31:00,11.68819444,,0:27,27
12/7/2015 23:50,13/07/2015 07:40:00,24,0:00,25,7:40,Past Midnight,12/7/2015 23:50,29/06/2015 17:20:00,11.72222222,,7:40,460
13/07/2015 11:35:00,13/07/2015 13:15:00,25,11:35,25,13:15,,13/07/2015 11:35:00,29/06/2015 18:00:00,11.75,,1:40,100
13/07/2015 21:05:00,13/07/2015 21:32:00,25,21:05,25,21:32,Not Past Midnight,13/07/2015 21:05:00,29/06/2015 20:20:00,11.84722222,,0:27,27
14/07/2015 02:50:00,14/07/2015 06:30:00,26,2:50,26,6:30,Not Past Midnight,14/07/2015 02:50:00,29/06/2015 20:40:00,11.86111111,,3:40,220
15/07/2015 03:00:00,15/07/2015 06:30:00,27,3:00,27,6:30,,15/07/2015 03:00:00,29/06/2015 21:45:00,11.90625,,3:30,210
15/07/2015 13:00:00,15/07/2015 13:45:00,27,13:00,27,13:45,,15/07/2015 13:00:00,29/06/2015 22:33:00,11.93958333,,0:45,45
15/07/2015 13:55:00,15/07/2015 14:53:00,27,13:55,27,14:53,Not Past Midnight,15/07/2015 13:55:00,29/06/2015 23:50:00,11.99305556,,0:58,58
16/07/2015 00:00:00,16/07/2015 04:30:00,28,0:00,28,4:30,,16/07/2015 00:00:00,30/06/2015 02:04:00,12.08611111,,4:30,270
16/07/2015 05:30:00,16/07/2015 10:45:00,28,5:30,28,10:45,,16/07/2015 05:30:00,30/06/2015 04:00:00,12.16666667,,5:15,315
16/07/2015 17:28:00,16/07/2015 18:05:00,28,17:28,28,18:05,,16/07/2015 17:28:00,30/06/2015 05:40:00,12.23611111,,0:37,37
16/07/2015 20:55:00,16/07/2015 21:19:00,28,20:55,28,21:19,,16/07/2015 20:55:00,30/06/2015 05:40:00,12.23611111,,0:24,24
16/07/2015 21:23:00,16/07/2015 21:34:00,28,21:23,28,21:34,,16/07/2015 21:23:00,30/06/2015 07:00:00,12.29166667,,0:11,11
16/07/2015 23:00:00,17/07/2015 05:35:00,28,0:00,29,5:35,Past Midnight,16/07/2015 23:00:00,30/06/2015 10:00:00,12.41666667,,5:35,335
17/07/2015 06:40:00,17/07/2015 08:20:00,29,6:40,29,8:20,,17/07/2015 06:40:00,30/06/2015 13:00:00,12.54166667,,1:40,100
17/07/2015 11:10:00,17/07/2015 11:30:00,29,11:10,29,11:30,,17/07/2015 11:10:00,30/06/2015 17:13:00,12.71736111,,0:20,20
17/07/2015 12:45:00,17/07/2015 14:52:00,29,12:45,29,14:52,,17/07/2015 12:45:00,30/06/2015 17:19:00,12.72152778,,2:07,127
17/07/2015 17:55:00,17/07/2015 18:47:00,29,17:55,29,18:47,,17/07/2015 17:55:00,30/06/2015 19:40:00,12.81944444,,0:52,52
17/07/2015 21:03:00,18/07/2015 04:50:00,29,0:00,30,4:50,Past Midnight,17/07/2015 21:03:00,30/06/2015 20:53:00,12.87013889,,4:50,290
18/07/2015 05:50:00,18/07/2015 06:30:00,30,5:50,30,6:30,,18/07/2015 05:50:00,1/7/2015 1:30,13.0625,,0:40,40
18/07/2015 07:15:00,18/07/2015 09:30:00,30,7:15,30,9:30,,18/07/2015 07:15:00,1/7/2015 3:58,13.16527778,,2:15,135
18/07/2015 17:20:00,18/07/2015 19:57:00,30,17:20,30,19:57,,18/07/2015 17:20:00,1/7/2015 5:00,13.20833333,,2:37,157
18/07/2015 23:30:00,19/07/2015 02:06:00,30,0:00,31,2:06,Past Midnight,18/07/2015 23:30:00,1/7/2015 7:30,13.3125,,2:06,126
19/07/2015 02:51:00,19/07/2015 03:05:00,31,2:51,31,3:05,,19/07/2015 02:51:00,1/7/2015 18:30,13.77083333,,0:14,14
19/07/2015 05:50:00,19/07/2015 08:50:00,31,5:50,31,8:50,,19/07/2015 05:50:00,1/7/2015 18:53,13.78680556,,3:00,180
19/07/2015 17:00:00,19/07/2015 17:59:00,31,17:00,31,17:59,,19/07/2015 17:00:00,2/7/2015 2:35,14.10763889,,0:59,59
19/07/2015 23:15:00,20/07/2015 04:46:00,31,0:00,32,4:46,Past Midnight,19/07/2015 23:15:00,2/7/2015 6:20,14.26388889,,4:46,286
20/07/2015 07:15:00,20/07/2015 09:00:00,32,7:15,32,9:00,,20/07/2015 07:15:00,2/7/2015 9:30,14.39583333,,1:45,105
20/07/2015 12:00:00,20/07/2015 13:50:00,32,12:00,32,13:50,,20/07/2015 12:00:00,2/7/2015 11:50,14.49305556,,1:50,110
20/07/2015 13:50:00,20/07/2015 14:47:00,32,13:50,32,14:47,,20/07/2015 13:50:00,2/7/2015 18:15,14.76041667,,0:57,57
20/07/2015 22:45:00,20/07/2015 23:04:00,32,22:45,32,23:04,,20/07/2015 22:45:00,2/7/2015 18:40,14.77777778,,0:19,19
20/07/2015 23:55:00,21/07/2015 03:10:00,32,0:00,33,3:10,Past Midnight,20/07/2015 23:55:00,2/7/2015 19:15,14.80208333,,3:10,190
21/07/2015 04:10:00,21/07/2015 08:30:00,33,4:10,33,8:30,,21/07/2015 04:10:00,2/7/2015 19:55,14.82986111,,4:20,260
21/07/2015 11:40:00,21/07/2015 12:00:00,33,11:40,33,12:00,,21/07/2015 11:40:00,2/7/2015 21:35,14.89930556,,0:20,20
21/07/2015 23:35:00,22/07/2015 00:20:00,33,0:00,34,0:20,Past Midnight,21/07/2015 23:35:00,2/7/2015 22:45,14.94791667,,0:20,20
22/07/2015 00:31:00,22/07/2015 04:01:00,34,0:31,34,4:01,,22/07/2015 00:31:00,2/7/2015 23:05,14.96180556,,3:30,210
22/07/2015 04:45:00,22/07/2015 08:00:00,34,4:45,34,8:00,,22/07/2015 04:45:00,3/7/2015 2:45,15.11458333,,3:15,195
22/07/2015 22:07:00,23/07/2015 04:59:00,34,0:00,35,4:59,Past Midnight,22/07/2015 22:07:00,3/7/2015 4:00,15.16666667,,4:59,299
23/07/2015 06:00:00,23/07/2015 08:06:00,35,6:00,35,8:06,,23/07/2015 06:00:00,3/7/2015 7:30,15.3125,,2:06,126
23/07/2015 10:05:00,23/07/2015 11:05:00,35,10:05,35,11:05,,23/07/2015 10:05:00,3/7/2015 23:30,15.97916667,,1:00,60
23/07/2015 11:20:00,23/07/2015 14:00:00,35,11:20,35,14:00,Not Past Midnight,23/07/2015 11:20:00,3/7/2015 23:58,15.99861111,,2:40,160
24/07/2015 02:20:00,24/07/2015 07:30:00,36,2:20,36,7:30,,24/07/2015 02:20:00,4/7/2015 0:10,16.00694444,,5:10,310
24/07/2015 10:47:00,24/07/2015 12:33:00,36,10:47,36,12:33,,24/07/2015 10:47:00,4/7/2015 1:15,16.05208333,,1:46,106
24/07/2015 13:45:00,24/07/2015 15:10:00,36,13:45,36,15:10,,24/07/2015 13:45:00,4/7/2015 3:00,16.125,,1:25,85
24/07/2015 16:10:00,24/07/2015 16:30:00,36,16:10,36,16:30,,24/07/2015 16:10:00,4/7/2015 7:00,16.29166667,,0:20,20
24/07/2015 18:00:00,24/07/2015 18:41:00,36,18:00,36,18:41,,24/07/2015 18:00:00,4/7/2015 8:50,16.36805556,,0:41,41
24/07/2015 19:46:00,24/07/2015 20:40:00,36,19:46,36,20:40,,24/07/2015 19:46:00,4/7/2015 10:10,16.42361111,,0:54,54
24/07/2015 23:30:00,25/07/2015 07:05:00,36,0:00,37,7:05,Past Midnight,24/07/2015 23:30:00,4/7/2015 11:55,16.49652778,,7:05,425
25/07/2015 09:00:00,25/07/2015 09:45:00,37,9:00,37,9:45,,25/07/2015 09:00:00,4/7/2015 13:06,16.54583333,,0:45,45
25/07/2015 22:00:00,25/07/2015 22:45:00,37,22:00,37,22:45,,25/07/2015 22:00:00,4/7/2015 13:20,16.55555556,,0:45,45
25/07/2015 23:30:00,26/07/2015 05:50:00,37,0:00,38,5:50,Past Midnight,25/07/2015 23:30:00,4/7/2015 14:08,16.58888889,,5:50,350
26/07/2015 06:50:00,26/07/2015 09:01:00,38,6:50,38,9:01,,26/07/2015 06:50:00,5/7/2015 0:03,17.00208333,,2:11,131
26/07/2015 10:20:00,26/07/2015 12:30:00,38,10:20,38,12:30,,26/07/2015 10:20:00,5/7/2015 1:01,17.04236111,,2:10,130
26/07/2015 21:10:00,26/07/2015 22:52:00,38,21:10,38,22:52,Not Past Midnight,26/07/2015 21:10:00,5/7/2015 1:30,17.0625,,1:42,102
27/07/2015 00:00:00,27/07/2015 05:46:00,39,0:00,39,5:46,,27/07/2015 00:00:00,5/7/2015 5:20,17.22222222,,5:46,346
27/07/2015 06:45:00,27/07/2015 10:00:00,39,6:45,39,10:00,,27/07/2015 06:45:00,5/7/2015 6:15,17.26041667,,3:15,195
27/07/2015 11:00:00,27/07/2015 11:55:00,39,11:00,39,11:55,,27/07/2015 11:00:00,5/7/2015 8:00,17.33333333,,0:55,55
27/07/2015 19:57:00,27/07/2015 20:42:00,39,19:57,39,20:42,,27/07/2015 19:57:00,5/7/2015 11:28,17.47777778,,0:45,45
27/07/2015 23:30:00,28/07/2015 04:00:00,39,0:00,40,4:00,Past Midnight,27/07/2015 23:30:00,5/7/2015 14:54,17.62083333,,4:00,240
28/07/2015 05:00:00,28/07/2015 09:40:00,40,5:00,40,9:40,,28/07/2015 05:00:00,5/7/2015 18:20,17.76388889,,4:40,280
28/07/2015 21:40:00,28/07/2015 22:55:00,40,21:40,40,22:55,,28/07/2015 21:40:00,5/7/2015 18:45,17.78125,,1:15,75
28/07/2015 23:25:00,29/07/2015 05:10:00,40,0:00,41,5:10,Past Midnight,28/07/2015 23:25:00,5/7/2015 19:00,17.79166667,,5:10,310
29/07/2015 05:55:00,29/07/2015 07:38:00,41,5:55,41,7:38,,29/07/2015 05:55:00,5/7/2015 19:40,17.81944444,,1:43,103
29/07/2015 12:35:00,29/07/2015 13:10:00,41,12:35,41,13:10,,29/07/2015 12:35:00,5/7/2015 21:35,17.89930556,,0:35,35
29/07/2015 18:48:00,29/07/2015 19:14:00,41,18:48,41,19:14,,29/07/2015 18:48:00,6/7/2015 0:51,18.03541667,,0:26,26
29/07/2015 23:20:00,30/07/2015 06:30:00,41,0:00,42,6:30,Past Midnight,29/07/2015 23:20:00,6/7/2015 1:50,18.07638889,,6:30,390
30/07/2015 07:15:00,30/07/2015 10:20:00,42,7:15,42,10:20,,30/07/2015 07:15:00,6/7/2015 6:27,18.26875,,3:05,185
30/07/2015 11:50:00,30/07/2015 11:55:00,42,11:50,42,11:55,,30/07/2015 11:50:00,6/7/2015 8:40,18.36111111,,0:05,5
30/07/2015 15:09:00,30/07/2015 16:50:00,42,15:09,42,16:50,,30/07/2015 15:09:00,6/7/2015 11:15,18.46875,,1:41,101
30/07/2015 17:39:00,30/07/2015 18:17:00,42,17:39,42,18:17,,30/07/2015 17:39:00,6/7/2015 11:45,18.48958333,,0:38,38
30/07/2015 23:50:00,31/07/2015 02:30:00,42,0:00,43,2:30,Past Midnight,30/07/2015 23:50:00,6/7/2015 13:05,18.54513889,,2:30,150
31/07/2015 03:35:00,31/07/2015 06:43:00,43,3:35,43,6:43,,31/07/2015 03:35:00,6/7/2015 21:45,18.90625,,3:08,188
31/07/2015 19:05:00,31/07/2015 20:30:00,43,19:05,43,20:30,,31/07/2015 19:05:00,6/7/2015 23:10,18.96527778,,1:25,85
1/8/2015 0:01,1/8/2015 7:00,43,0:01,43,7:00,,1/8/2015 0:01,6/7/2015 23:45,18.98958333,,6:59,419
1/8/2015 9:33,1/8/2015 12:25,43,9:33,43,12:25,Not Past Midnight,1/8/2015 9:33,7/7/2015 0:16,19.01111111,,2:52,172
2/8/2015 0:15,2/8/2015 4:40,44,0:15,44,4:40,,2/8/2015 0:15,7/7/2015 0:33,19.02291667,,4:25,265
2/8/2015 6:00,2/8/2015 10:00,44,6:00,44,10:00,,2/8/2015 6:00,7/7/2015 4:07,19.17152778,,4:00,240
2/8/2015 14:10,2/8/2015 14:41,44,14:10,44,14:41,,2/8/2015 14:10,7/7/2015 5:10,19.21527778,,0:31,31
2/8/2015 20:20,2/8/2015 20:45,44,20:20,44,20:45,,2/8/2015 20:20,7/7/2015 9:15,19.38541667,,0:25,25
2/8/2015 22:40,3/8/2015 5:28,44,0:00,45,5:28,Past Midnight,2/8/2015 22:40,7/7/2015 11:20,19.47222222,,5:28,328
3/8/2015 6:00,3/8/2015 11:17,45,6:00,45,11:17,,3/8/2015 6:00,7/7/2015 11:53,19.49513889,,5:17,317
3/8/2015 12:08,3/8/2015 12:30,45,12:08,45,12:30,,3/8/2015 12:08,7/7/2015 12:25,19.51736111,,0:22,22
3/8/2015 13:42,3/8/2015 14:03,45,13:42,45,14:03,,3/8/2015 13:42,7/7/2015 13:52,19.57777778,,0:21,21
3/8/2015 16:50,3/8/2015 17:27,45,16:50,45,17:27,,3/8/2015 16:50,7/7/2015 14:50,19.61805556,,0:37,37
3/8/2015 18:30,3/8/2015 19:03,45,18:30,45,19:03,,3/8/2015 18:30,7/7/2015 15:35,19.64930556,,0:33,33
3/8/2015 21:12,3/8/2015 21:43,45,21:12,45,21:43,Not Past Midnight,3/8/2015 21:12,7/7/2015 17:00,19.70833333,,0:31,31
4/8/2015 0:10,4/8/2015 6:20,46,0:10,46,6:20,,4/8/2015 0:10,7/7/2015 18:00,19.75,,6:10,370
4/8/2015 7:15,4/8/2015 10:40,46,7:15,46,10:40,,4/8/2015 7:15,7/7/2015 19:10,19.79861111,,3:25,205
4/8/2015 20:30,4/8/2015 20:59,46,20:30,46,20:59,,4/8/2015 20:30,7/7/2015 20:15,19.84375,,0:29,29
4/8/2015 23:30,5/8/2015 5:00,46,0:00,47,5:00,Past Midnight,4/8/2015 23:30,8/7/2015 1:25,20.05902778,,5:00,300
5/8/2015 6:00,5/8/2015 10:20,47,6:00,47,10:20,,5/8/2015 6:00,8/7/2015 6:55,20.28819444,,4:20,260
5/8/2015 11:08,5/8/2015 11:35,47,11:08,47,11:35,,5/8/2015 11:08,8/7/2015 10:15,20.42708333,,0:27,27
5/8/2015 22:45,6/8/2015 5:00,47,0:00,48,5:00,Past Midnight,5/8/2015 22:45,8/7/2015 12:11,20.50763889,,5:00,300
6/8/2015 6:15,6/8/2015 9:40,48,6:15,48,9:40,,6/8/2015 6:15,8/7/2015 20:47,20.86597222,,3:25,205
6/8/2015 12:45,6/8/2015 14:10,48,12:45,48,14:10,,6/8/2015 12:45,8/7/2015 21:10,20.88194444,,1:25,85
6/8/2015 15:59,6/8/2015 16:12,48,15:59,48,16:12,,6/8/2015 15:59,8/7/2015 21:20,20.88888889,,0:13,13
6/8/2015 19:07,6/8/2015 19:37,48,19:07,48,19:37,,6/8/2015 19:07,8/7/2015 21:34,20.89861111,,0:30,30
6/8/2015 23:45,7/8/2015 5:10,48,0:00,49,5:10,Past Midnight,6/8/2015 23:45,8/7/2015 22:22,20.93194444,,5:10,310
7/8/2015 5:55,7/8/2015 10:57,49,5:55,49,10:57,,7/8/2015 5:55,9/7/2015 4:53,21.20347222,,5:02,302
7/8/2015 13:10,7/8/2015 13:45,49,13:10,49,13:45,,7/8/2015 13:10,9/7/2015 15:55,21.66319444,,0:35,35
7/8/2015 16:06,7/8/2015 16:41,49,16:06,49,16:41,,7/8/2015 16:06,9/7/2015 18:41,21.77847222,,0:35,35
7/8/2015 18:00,7/8/2015 19:30,49,18:00,49,19:30,,7/8/2015 18:00,9/7/2015 21:45,21.90625,,1:30,90
7/8/2015 20:20,7/8/2015 20:45,49,20:20,49,20:45,,7/8/2015 20:20,9/7/2015 22:05,21.92013889,,0:25,25
7/8/2015 21:50,8/8/2015 0:25,49,0:00,50,0:25,Past Midnight,7/8/2015 21:50,9/7/2015 23:25,21.97569444,,0:25,25
8/8/2015 1:10,8/8/2015 5:17,50,1:10,50,5:17,,8/8/2015 1:10,10/7/2015 0:30,22.02083333,,4:07,247
8/8/2015 6:00,8/8/2015 8:55,50,6:00,50,8:55,,8/8/2015 6:00,10/7/2015 0:58,22.04027778,,2:55,175
8/8/2015 10:25,8/8/2015 11:15,50,10:25,50,11:15,,8/8/2015 10:25,10/7/2015 7:03,22.29375,,0:50,50
8/8/2015 14:29,8/8/2015 14:53,50,14:29,50,14:53,Not Past Midnight,8/8/2015 14:29,10/7/2015 9:35,22.39930556,,0:24,24
9/8/2015 0:30,9/8/2015 4:33,51,0:30,51,4:33,,9/8/2015 0:30,10/7/2015 10:55,22.45486111,,4:03,243
9/8/2015 5:15,9/8/2015 10:20,51,5:15,51,10:20,,9/8/2015 5:15,10/7/2015 13:30,22.5625,,5:05,305
9/8/2015 12:35,9/8/2015 13:15,51,12:35,51,13:15,,9/8/2015 12:35,10/7/2015 14:00,22.58333333,,0:40,40
9/8/2015 13:35,9/8/2015 14:10,51,13:35,51,14:10,,9/8/2015 13:35,10/7/2015 18:50,22.78472222,,0:35,35
9/8/2015 19:40,9/8/2015 20:20,51,19:40,51,20:20,,9/8/2015 19:40,10/7/2015 19:15,22.80208333,,0:40,40
9/8/2015 20:35,9/8/2015 20:45,51,20:35,51,20:45,,9/8/2015 20:35,10/7/2015 19:25,22.80902778,,0:10,10
9/8/2015 23:00,10/8/2015 4:45,51,0:00,52,4:45,Past Midnight,9/8/2015 23:00,10/7/2015 19:51,22.82708333,,4:45,285
10/8/2015 5:30,10/8/2015 10:13,52,5:30,52,10:13,,10/8/2015 5:30,10/7/2015 22:10,22.92361111,,4:43,283
10/8/2015 13:30,10/8/2015 14:03,52,13:30,52,14:03,,10/8/2015 13:30,10/7/2015 22:44,22.94722222,,0:33,33
10/8/2015 16:24,10/8/2015 16:51,52,16:24,52,16:51,,10/8/2015 16:24,11/7/2015 0:05,23.00347222,,0:27,27
10/8/2015 23:45,11/8/2015 4:35,52,0:00,53,4:35,Past Midnight,10/8/2015 23:45,11/7/2015 6:50,23.28472222,,4:35,275
11/8/2015 5:35,11/8/2015 10:03,53,5:35,53,10:03,,11/8/2015 5:35,11/7/2015 8:15,23.34375,,4:28,268
11/8/2015 12:00,11/8/2015 12:30,53,12:00,53,12:30,,11/8/2015 12:00,11/7/2015 8:44,23.36388889,,0:30,30
11/8/2015 18:45,11/8/2015 19:15,53,18:45,53,19:15,,11/8/2015 18:45,11/7/2015 16:19,23.67986111,,0:30,30
11/8/2015 20:45,11/8/2015 22:49,53,20:45,53,22:49,,11/8/2015 20:45,11/7/2015 17:12,23.71666667,,2:04,124
11/8/2015 23:30,12/8/2015 3:30,53,0:00,54,3:30,Past Midnight,11/8/2015 23:30,11/7/2015 18:20,23.76388889,,3:30,210
12/8/2015 4:15,12/8/2015 7:30,54,4:15,54,7:30,,12/8/2015 4:15,11/7/2015 19:43,23.82152778,,3:15,195
12/8/2015 22:15,13/08/2015 04:38:00,54,0:00,55,4:38,Past Midnight,12/8/2015 22:15,11/7/2015 20:47,23.86597222,,4:38,278
13/08/2015 05:20:00,13/08/2015 10:10:00,55,5:20,55,10:10,,13/08/2015 05:20:00,11/7/2015 22:00,23.91666667,,4:50,290
13/08/2015 12:44:00,13/08/2015 13:16:00,55,12:44,55,13:16,,13/08/2015 12:44:00,12/7/2015 1:00,24.04166667,,0:32,32
13/08/2015 14:53:00,13/08/2015 15:05:00,55,14:53,55,15:05,,13/08/2015 14:53:00,12/7/2015 2:30,24.10416667,,0:12,12
13/08/2015 19:50:00,13/08/2015 21:48:00,55,19:50,55,21:48,,13/08/2015 19:50:00,12/7/2015 4:30,24.1875,,1:58,118
13/08/2015 23:04:00,14/08/2015 03:04:00,55,0:00,56,3:04,Past Midnight,13/08/2015 23:04:00,12/7/2015 8:00,24.33333333,,3:04,184
14/08/2015 04:30:00,14/08/2015 08:40:00,56,4:30,56,8:40,,14/08/2015 04:30:00,12/7/2015 13:00,24.54166667,,4:10,250
14/08/2015 11:20:00,14/08/2015 12:15:00,56,11:20,56,12:15,,14/08/2015 11:20:00,12/7/2015 13:45,24.57291667,,0:55,55
14/08/2015 21:30:00,14/08/2015 22:28:00,56,21:30,56,22:28,Not Past Midnight,14/08/2015 21:30:00,12/7/2015 16:35,24.69097222,,0:58,58
15/08/2015 01:30:00,15/08/2015 05:40:00,57,1:30,57,5:40,,15/08/2015 01:30:00,12/7/2015 16:54,24.70416667,,4:10,250
15/08/2015 06:00:00,15/08/2015 08:50:00,57,6:00,57,8:50,,15/08/2015 06:00:00,12/7/2015 19:40,24.81944444,,2:50,170
15/08/2015 09:45:00,15/08/2015 12:30:00,57,9:45,57,12:30,,15/08/2015 09:45:00,12/7/2015 21:05,24.87847222,,2:45,165
15/08/2015 14:30:00,15/08/2015 15:15:00,57,14:30,57,15:15,,15/08/2015 14:30:00,12/7/2015 22:15,24.92708333,,0:45,45
15/08/2015 15:55:00,15/08/2015 16:20:00,57,15:55,57,16:20,,15/08/2015 15:55:00,12/7/2015 22:42,24.94583333,,0:25,25
15/08/2015 17:35:00,15/08/2015 18:00:00,57,17:35,57,18:00,,15/08/2015 17:35:00,12/7/2015 23:50,24.99305556,,0:25,25
15/08/2015 22:46:00,16/08/2015 03:20:00,57,0:00,58,3:20,Past Midnight,15/08/2015 22:46:00,13/07/2015 07:40:00,25.31944444,,3:20,200
16/08/2015 03:50:00,16/08/2015 07:35:00,58,3:50,58,7:35,,16/08/2015 03:50:00,13/07/2015 11:35:00,25.48263889,,3:45,225
16/08/2015 08:40:00,16/08/2015 10:00:00,58,8:40,58,10:00,,16/08/2015 08:40:00,13/07/2015 13:15:00,25.55208333,,1:20,80
16/08/2015 13:40:00,16/08/2015 14:55:00,58,13:40,58,14:55,,16/08/2015 13:40:00,13/07/2015 21:05:00,25.87847222,,1:15,75
16/08/2015 15:50:00,16/08/2015 17:30:00,58,15:50,58,17:30,,16/08/2015 15:50:00,13/07/2015 21:32:00,25.89722222,,1:40,100
16/08/2015 22:40:00,17/08/2015 04:30:00,58,0:00,59,4:30,Past Midnight,16/08/2015 22:40:00,14/07/2015 02:50:00,26.11805556,,4:30,270
17/08/2015 05:10:00,17/08/2015 09:20:00,59,5:10,59,9:20,,17/08/2015 05:10:00,14/07/2015 06:30:00,26.27083333,,4:10,250
17/08/2015 11:36:00,17/08/2015 12:10:00,59,11:36,59,12:10,,17/08/2015 11:36:00,15/07/2015 03:00:00,27.125,,0:34,34
17/08/2015 15:22:00,17/08/2015 15:44:00,59,15:22,59,15:44,,17/08/2015 15:22:00,15/07/2015 06:30:00,27.27083333,,0:22,22
17/08/2015 19:16:00,17/08/2015 19:32:00,59,19:16,59,19:32,Not Past Midnight,17/08/2015 19:16:00,15/07/2015 13:00:00,27.54166667,,0:16,16
18/08/2015 00:00:00,18/08/2015 06:30:00,60,0:00,60,6:30,,18/08/2015 00:00:00,15/07/2015 13:45:00,27.57291667,,6:30,390
18/08/2015 07:15:00,18/08/2015 11:00:00,60,7:15,60,11:00,,18/08/2015 07:15:00,15/07/2015 13:55:00,27.57986111,,3:45,225
18/08/2015 17:05:00,18/08/2015 17:38:00,60,17:05,60,17:38,,18/08/2015 17:05:00,15/07/2015 14:53:00,27.62013889,,0:33,33
18/08/2015 20:30:00,18/08/2015 20:50:00,60,20:30,60,20:50,,18/08/2015 20:30:00,16/07/2015 00:00:00,28,,0:20,20
18/08/2015 22:05:00,19/08/2015 04:30:00,60,0:00,61,4:30,Past Midnight,18/08/2015 22:05:00,16/07/2015 04:30:00,28.1875,,4:30,270
19/08/2015 05:20:00,19/08/2015 09:19:00,61,5:20,61,9:19,,19/08/2015 05:20:00,16/07/2015 05:30:00,28.22916667,,3:59,239
19/08/2015 10:17:00,19/08/2015 10:45:00,61,10:17,61,10:45,,19/08/2015 10:17:00,16/07/2015 10:45:00,28.44791667,,0:28,28
19/08/2015 12:50:00,19/08/2015 13:17:00,61,12:50,61,13:17,,19/08/2015 12:50:00,16/07/2015 17:28:00,28.72777778,,0:27,27
19/08/2015 14:55:00,19/08/2015 15:27:00,61,14:55,61,15:27,,19/08/2015 14:55:00,16/07/2015 18:05:00,28.75347222,,0:32,32
19/08/2015 18:02:00,19/08/2015 18:24:00,61,18:02,61,18:24,,19/08/2015 18:02:00,16/07/2015 20:55:00,28.87152778,,0:22,22
19/08/2015 22:20:00,20/08/2015 05:00:00,61,0:00,62,5:00,Past Midnight,19/08/2015 22:20:00,16/07/2015 21:19:00,28.88819444,,5:00,300
20/08/2015 05:40:00,20/08/2015 10:00:00,62,5:40,62,10:00,,20/08/2015 05:40:00,16/07/2015 21:23:00,28.89097222,,4:20,260
20/08/2015 12:45:00,20/08/2015 13:18:00,62,12:45,62,13:18,,20/08/2015 12:45:00,16/07/2015 21:34:00,28.89861111,,0:33,33
20/08/2015 16:35:00,20/08/2015 16:50:00,62,16:35,62,16:50,,20/08/2015 16:35:00,16/07/2015 23:00:00,28.95833333,,0:15,15
20/08/2015 22:25:00,20/08/2015 23:05:00,62,22:25,62,23:05,,20/08/2015 22:25:00,17/07/2015 05:35:00,29.23263889,,0:40,40
20/08/2015 23:25:00,21/08/2015 03:10:00,62,0:00,63,3:10,Past Midnight,20/08/2015 23:25:00,17/07/2015 06:40:00,29.27777778,,3:10,190
21/08/2015 03:55:00,21/08/2015 10:25:00,63,3:55,63,10:25,,21/08/2015 03:55:00,17/07/2015 08:20:00,29.34722222,,6:30,390
21/08/2015 12:25:00,21/08/2015 13:12:00,63,12:25,63,13:12,,21/08/2015 12:25:00,17/07/2015 11:10:00,29.46527778,,0:47,47
21/08/2015 14:56:00,21/08/2015 15:24:00,63,14:56,63,15:24,,21/08/2015 14:56:00,17/07/2015 11:30:00,29.47916667,,0:28,28
21/08/2015 16:59:00,21/08/2015 17:25:00,63,16:59,63,17:25,,21/08/2015 16:59:00,17/07/2015 12:45:00,29.53125,,0:26,26
21/08/2015 23:00:00,22/08/2015 03:10:00,63,0:00,64,3:10,Past Midnight,21/08/2015 23:00:00,17/07/2015 14:52:00,29.61944444,,3:10,190
22/08/2015 03:55:00,22/08/2015 09:25:00,64,3:55,64,9:25,,22/08/2015 03:55:00,17/07/2015 17:55:00,29.74652778,,5:30,330
22/08/2015 10:30:00,22/08/2015 11:37:00,64,10:30,64,11:37,,22/08/2015 10:30:00,17/07/2015 18:47:00,29.78263889,,1:07,67
22/08/2015 13:35:00,22/08/2015 14:09:00,64,13:35,64,14:09,,22/08/2015 13:35:00,17/07/2015 21:03:00,29.87708333,,0:34,34
22/08/2015 15:40:00,22/08/2015 16:10:00,64,15:40,64,16:10,,22/08/2015 15:40:00,18/07/2015 04:50:00,30.20138889,,0:30,30
22/08/2015 16:45:00,22/08/2015 17:44:00,64,16:45,64,17:44,,22/08/2015 16:45:00,18/07/2015 05:50:00,30.24305556,,0:59,59
22/08/2015 18:50:00,22/08/2015 19:25:00,64,18:50,64,19:25,,22/08/2015 18:50:00,18/07/2015 06:30:00,30.27083333,,0:35,35
22/08/2015 21:30:00,22/08/2015 22:00:00,64,21:30,64,22:00,,22/08/2015 21:30:00,18/07/2015 07:15:00,30.30208333,,0:30,30
22/08/2015 23:15:00,23/08/2015 04:00:00,64,0:00,65,4:00,Past Midnight,22/08/2015 23:15:00,18/07/2015 09:30:00,30.39583333,,4:00,240
23/08/2015 04:40:00,23/08/2015 08:40:00,65,4:40,65,8:40,,23/08/2015 04:40:00,18/07/2015 17:20:00,30.72222222,,4:00,240
23/08/2015 12:58:00,23/08/2015 13:20:00,65,12:58,65,13:20,,23/08/2015 12:58:00,18/07/2015 19:57:00,30.83125,,0:22,22
23/08/2015 19:22:00,23/08/2015 19:40:00,65,19:22,65,19:40,,23/08/2015 19:22:00,18/07/2015 23:30:00,30.97916667,,0:18,18
23/08/2015 22:12:00,23/08/2015 23:10:00,65,22:12,65,23:10,,23/08/2015 22:12:00,19/07/2015 02:06:00,31.0875,,0:58,58
23/08/2015 23:27:00,24/08/2015 04:36:00,65,0:00,66,4:36,Past Midnight,23/08/2015 23:27:00,19/07/2015 02:51:00,31.11875,,4:36,276
24/08/2015 05:25:00,24/08/2015 10:04:00,66,5:25,66,10:04,,24/08/2015 05:25:00,19/07/2015 03:05:00,31.12847222,,4:39,279
24/08/2015 12:25:00,24/08/2015 12:50:00,66,12:25,66,12:50,,24/08/2015 12:25:00,19/07/2015 05:50:00,31.24305556,,0:25,25
24/08/2015 14:27:00,24/08/2015 14:50:00,66,14:27,66,14:50,,24/08/2015 14:27:00,19/07/2015 08:50:00,31.36805556,,0:23,23
24/08/2015 16:10:00,24/08/2015 16:23:00,66,16:10,66,16:23,,24/08/2015 16:10:00,19/07/2015 17:00:00,31.70833333,,0:13,13
24/08/2015 18:07:00,24/08/2015 18:28:00,66,18:07,66,18:28,,24/08/2015 18:07:00,19/07/2015 17:59:00,31.74930556,,0:21,21
24/08/2015 23:25:00,24/08/2015 23:50:00,66,23:25,66,23:50,Not Past Midnight,24/08/2015 23:25:00,19/07/2015 23:15:00,31.96875,,0:25,25
25/08/2015 00:47:00,25/08/2015 06:17:00,67,0:47,67,6:17,,25/08/2015 00:47:00,20/07/2015 04:46:00,32.19861111,,5:30,330
25/08/2015 06:56:00,25/08/2015 11:35:00,67,6:56,67,11:35,,25/08/2015 06:56:00,20/07/2015 07:15:00,32.30208333,,4:39,279
25/08/2015 18:05:00,25/08/2015 18:25:00,67,18:05,67,18:25,,25/08/2015 18:05:00,20/07/2015 09:00:00,32.375,,0:20,20
25/08/2015 20:05:00,25/08/2015 20:26:00,67,20:05,67,20:26,,25/08/2015 20:05:00,20/07/2015 12:00:00,32.5,,0:21,21
25/08/2015 22:15:00,25/08/2015 22:40:00,67,22:15,67,22:40,Not Past Midnight,25/08/2015 22:15:00,20/07/2015 13:50:00,32.57638889,,0:25,25
26/08/2015 00:15:00,26/08/2015 06:15:00,68,0:15,68,6:15,,26/08/2015 00:15:00,20/07/2015 13:50:00,32.57638889,,6:00,360
26/08/2015 06:47:00,26/08/2015 08:15:00,68,6:47,68,8:15,,26/08/2015 06:47:00,20/07/2015 14:47:00,32.61597222,,1:28,88
26/08/2015 12:43:00,26/08/2015 13:08:00,68,12:43,68,13:08,,26/08/2015 12:43:00,20/07/2015 22:45:00,32.94791667,,0:25,25
26/08/2015 22:30:00,27/08/2015 04:49:00,68,0:00,69,4:49,Past Midnight,26/08/2015 22:30:00,20/07/2015 23:04:00,32.96111111,,4:49,289
27/08/2015 05:30:00,27/08/2015 10:00:00,69,5:30,69,10:00,,27/08/2015 05:30:00,20/07/2015 23:55:00,32.99652778,,4:30,270
27/08/2015 12:00:00,27/08/2015 12:20:00,69,12:00,69,12:20,,27/08/2015 12:00:00,21/07/2015 03:10:00,33.13194444,,0:20,20
27/08/2015 12:55:00,27/08/2015 13:15:00,69,12:55,69,13:15,,27/08/2015 12:55:00,21/07/2015 04:10:00,33.17361111,,0:20,20
27/08/2015 13:30:00,27/08/2015 13:40:00,69,13:30,69,13:40,,27/08/2015 13:30:00,21/07/2015 08:30:00,33.35416667,,0:10,10
27/08/2015 14:34:00,27/08/2015 14:43:00,69,14:34,69,14:43,,27/08/2015 14:34:00,21/07/2015 11:40:00,33.48611111,,0:09,9
27/08/2015 22:45:00,28/08/2015 04:24:00,69,0:00,70,4:24,Past Midnight,27/08/2015 22:45:00,21/07/2015 12:00:00,33.5,,4:24,264
28/08/2015 05:15:00,28/08/2015 10:40:00,70,5:15,70,10:40,,28/08/2015 05:15:00,21/07/2015 23:35:00,33.98263889,,5:25,325
28/08/2015 11:55:00,28/08/2015 12:23:00,70,11:55,70,12:23,,28/08/2015 11:55:00,22/07/2015 00:20:00,34.01388889,,0:28,28
28/08/2015 13:51:00,28/08/2015 14:01:00,70,13:51,70,14:01,,28/08/2015 13:51:00,22/07/2015 00:31:00,34.02152778,,0:10,10
28/08/2015 15:41:00,28/08/2015 15:48:00,70,15:41,70,15:48,,28/08/2015 15:41:00,22/07/2015 04:01:00,34.16736111,,0:07,7
28/08/2015 16:47:00,28/08/2015 17:56:00,70,16:47,70,17:56,,28/08/2015 16:47:00,22/07/2015 04:45:00,34.19791667,,1:09,69
28/08/2015 19:04:00,28/08/2015 19:23:00,70,19:04,70,19:23,,28/08/2015 19:04:00,22/07/2015 08:00:00,34.33333333,,0:19,19
28/08/2015 20:35:00,28/08/2015 21:15:00,70,20:35,70,21:15,,28/08/2015 20:35:00,22/07/2015 22:07:00,34.92152778,,0:40,40
28/08/2015 22:58:00,29/08/2015 04:16:00,70,0:00,71,4:16,Past Midnight,28/08/2015 22:58:00,23/07/2015 04:59:00,35.20763889,,4:16,256
29/08/2015 05:00:00,29/08/2015 09:25:00,71,5:00,71,9:25,,29/08/2015 05:00:00,23/07/2015 06:00:00,35.25,,4:25,265
29/08/2015 11:14:00,29/08/2015 11:37:00,71,11:14,71,11:37,,29/08/2015 11:14:00,23/07/2015 08:06:00,35.3375,,0:23,23
29/08/2015 14:50:00,29/08/2015 14:56:00,71,14:50,71,14:56,,29/08/2015 14:50:00,23/07/2015 10:05:00,35.42013889,,0:06,6
29/08/2015 15:11:00,29/08/2015 15:51:00,71,15:11,71,15:51,,29/08/2015 15:11:00,23/07/2015 11:05:00,35.46180556,,0:40,40
29/08/2015 21:00:00,29/08/2015 21:32:00,71,21:00,71,21:32,,29/08/2015 21:00:00,23/07/2015 11:20:00,35.47222222,,0:32,32
29/08/2015 22:30:00,30/08/2015 08:18:00,71,0:00,72,8:18,Past Midnight,29/08/2015 22:30:00,23/07/2015 14:00:00,35.58333333,,8:18,498
30/08/2015 11:14:00,30/08/2015 11:49:00,72,11:14,72,11:49,,30/08/2015 11:14:00,24/07/2015 02:20:00,36.09722222,,0:35,35
30/08/2015 15:00:00,30/08/2015 15:29:00,72,15:00,72,15:29,,30/08/2015 15:00:00,24/07/2015 07:30:00,36.3125,,0:29,29
30/08/2015 18:49:00,30/08/2015 19:20:00,72,18:49,72,19:20,,30/08/2015 18:49:00,24/07/2015 10:47:00,36.44930556,,0:31,31
30/08/2015 22:55:00,31/08/2015 04:45:00,72,0:00,73,4:45,Past Midnight,30/08/2015 22:55:00,24/07/2015 12:33:00,36.52291667,,4:45,285
31/08/2015 05:20:00,31/08/2015 10:19:00,73,5:20,73,10:19,,31/08/2015 05:20:00,24/07/2015 13:45:00,36.57291667,,4:59,299
31/08/2015 13:15:00,31/08/2015 13:36:00,73,13:15,73,13:36,,31/08/2015 13:15:00,24/07/2015 15:10:00,36.63194444,,0:21,21
31/08/2015 16:45:00,31/08/2015 17:34:00,73,16:45,73,17:34,,31/08/2015 16:45:00,24/07/2015 16:10:00,36.67361111,,0:49,49
31/08/2015 18:41:00,31/08/2015 19:04:00,73,18:41,73,19:04,,31/08/2015 18:41:00,24/07/2015 16:30:00,36.6875,,0:23,23
31/08/2015 21:10:00,31/08/2015 21:39:00,73,21:10,73,21:39,,31/08/2015 21:10:00,24/07/2015 18:00:00,36.75,,0:29,29
31/08/2015 21:53:00,1/9/2015 1:45,73,21:53,73,1:45,,31/08/2015 21:53:00,24/07/2015 18:41:00,36.77847222,,#VALUE!,#VALUE!
1/9/2015 2:33,1/9/2015 6:00,73,2:33,73,6:00,,1/9/2015 2:33,24/07/2015 19:46:00,36.82361111,,3:27,207
1/9/2015 7:00,1/9/2015 8:00,73,7:00,73,8:00,,1/9/2015 7:00,24/07/2015 20:40:00,36.86111111,,1:00,60
1/9/2015 20:25,1/9/2015 20:41,73,20:25,73,20:41,,1/9/2015 20:25,24/07/2015 23:30:00,36.97916667,,0:16,16
1/9/2015 22:06,1/9/2015 22:47,73,22:06,73,22:47,,1/9/2015 22:06,25/07/2015 07:05:00,37.29513889,,0:41,41
1/9/2015 23:00,2/9/2015 7:40,73,0:00,74,7:40,Past Midnight,1/9/2015 23:00,25/07/2015 09:00:00,37.375,,7:40,460
2/9/2015 10:01,2/9/2015 10:41,74,10:01,74,10:41,,2/9/2015 10:01,25/07/2015 09:45:00,37.40625,,0:40,40
2/9/2015 13:59,2/9/2015 14:35,74,13:59,74,14:35,,2/9/2015 13:59,25/07/2015 22:00:00,37.91666667,,0:36,36
2/9/2015 16:56,2/9/2015 17:23,74,16:56,74,17:23,,2/9/2015 16:56,25/07/2015 22:45:00,37.94791667,,0:27,27
2/9/2015 21:55,3/9/2015 4:56,74,0:00,75,4:56,Past Midnight,2/9/2015 21:55,25/07/2015 23:30:00,37.97916667,,4:56,296
3/9/2015 5:40,3/9/2015 7:50,75,5:40,75,7:50,,3/9/2015 5:40,26/07/2015 05:50:00,38.24305556,,2:10,130
3/9/2015 11:03,3/9/2015 11:38,75,11:03,75,11:38,,3/9/2015 11:03,26/07/2015 06:50:00,38.28472222,,0:35,35
3/9/2015 14:15,3/9/2015 14:45,75,14:15,75,14:45,,3/9/2015 14:15,26/07/2015 09:01:00,38.37569444,,0:30,30
3/9/2015 16:45,3/9/2015 17:40,75,16:45,75,17:40,,3/9/2015 16:45,26/07/2015 10:20:00,38.43055556,,0:55,55
3/9/2015 22:19,4/9/2015 4:04,75,0:00,76,4:04,Past Midnight,3/9/2015 22:19,26/07/2015 12:30:00,38.52083333,,4:04,244
4/9/2015 4:55,4/9/2015 9:30,76,4:55,76,9:30,,4/9/2015 4:55,26/07/2015 21:10:00,38.88194444,,4:35,275
4/9/2015 12:15,4/9/2015 12:35,76,12:15,76,12:35,,4/9/2015 12:15,26/07/2015 22:52:00,38.95277778,,0:20,20
4/9/2015 13:30,4/9/2015 13:44,76,13:30,76,13:44,,4/9/2015 13:30,27/07/2015 00:00:00,39,,0:14,14
4/9/2015 14:05,4/9/2015 14:56,76,14:05,76,14:56,,4/9/2015 14:05,27/07/2015 05:46:00,39.24027778,,0:51,51
4/9/2015 18:50,4/9/2015 19:18,76,18:50,76,19:18,,4/9/2015 18:50,27/07/2015 06:45:00,39.28125,,0:28,28
4/9/2015 22:25,5/9/2015 3:34,76,0:00,77,3:34,Past Midnight,4/9/2015 22:25,27/07/2015 10:00:00,39.41666667,,3:34,214
5/9/2015 4:22,5/9/2015 9:50,77,4:22,77,9:50,,5/9/2015 4:22,27/07/2015 11:00:00,39.45833333,,5:28,328
5/9/2015 11:15,5/9/2015 11:48,77,11:15,77,11:48,,5/9/2015 11:15,27/07/2015 11:55:00,39.49652778,,0:33,33
5/9/2015 11:15,5/9/2015 11:48,77,11:15,77,11:48,,5/9/2015 11:15,27/07/2015 19:57:00,39.83125,,0:33,33
5/9/2015 15:30,5/9/2015 17:20,77,15:30,77,17:20,Not Past Midnight,5/9/2015 15:30,27/07/2015 20:42:00,39.8625,,1:50,110
6/9/2015 0:30,6/9/2015 5:10,78,0:30,78,5:10,,6/9/2015 0:30,27/07/2015 23:30:00,39.97916667,,4:40,280
6/9/2015 5:55,6/9/2015 10:20,78,5:55,78,10:20,,6/9/2015 5:55,28/07/2015 04:00:00,40.16666667,,4:25,265
6/9/2015 22:50,7/9/2015 4:35,78,0:00,79,4:35,Past Midnight,6/9/2015 22:50,28/07/2015 05:00:00,40.20833333,,4:35,275
7/9/2015 5:26,7/9/2015 10:34,79,5:26,79,10:34,,7/9/2015 5:26,28/07/2015 09:40:00,40.40277778,,5:08,308
7/9/2015 13:35,7/9/2015 14:00,79,13:35,79,14:00,,7/9/2015 13:35,28/07/2015 21:40:00,40.90277778,,0:25,25
7/9/2015 16:27,7/9/2015 16:54,79,16:27,79,16:54,,7/9/2015 16:27,28/07/2015 22:55:00,40.95486111,,0:27,27
7/9/2015 19:26,7/9/2015 19:50,79,19:26,79,19:50,,7/9/2015 19:26,28/07/2015 23:25:00,40.97569444,,0:24,24
7/9/2015 21:50,8/9/2015 2:15,79,0:00,80,2:15,Past Midnight,7/9/2015 21:50,29/07/2015 05:10:00,41.21527778,,2:15,135
8/9/2015 3:11,8/9/2015 9:31,80,3:11,80,9:31,,8/9/2015 3:11,29/07/2015 05:55:00,41.24652778,,6:20,380
8/9/2015 12:30,8/9/2015 13:00,80,12:30,80,13:00,,8/9/2015 12:30,29/07/2015 07:38:00,41.31805556,,0:30,30
8/9/2015 16:21,8/9/2015 16:50,80,16:21,80,16:50,,8/9/2015 16:21,29/07/2015 12:35:00,41.52430556,,0:29,29
8/9/2015 18:02,8/9/2015 18:07,80,18:02,80,18:07,,8/9/2015 18:02,29/07/2015 13:10:00,41.54861111,,0:05,5
8/9/2015 19:28,8/9/2015 19:57,80,19:28,80,19:57,,8/9/2015 19:28,29/07/2015 18:48:00,41.78333333,,0:29,29
8/9/2015 22:35,9/9/2015 3:01,80,0:00,81,3:01,Past Midnight,8/9/2015 22:35,29/07/2015 19:14:00,41.80138889,,3:01,181
9/9/2015 3:57,9/9/2015 9:10,81,3:57,81,9:10,,9/9/2015 3:57,29/07/2015 23:20:00,41.97222222,,5:13,313
9/9/2015 10:20,9/9/2015 10:39,81,10:20,81,10:39,,9/9/2015 10:20,30/07/2015 06:30:00,42.27083333,,0:19,19
9/9/2015 12:26,9/9/2015 12:56,81,12:26,81,12:56,,9/9/2015 12:26,30/07/2015 07:15:00,42.30208333,,0:30,30
9/9/2015 14:51,9/9/2015 15:09,81,14:51,81,15:09,,9/9/2015 14:51,30/07/2015 10:20:00,42.43055556,,0:18,18
9/9/2015 18:40,9/9/2015 19:15,81,18:40,81,19:15,,9/9/2015 18:40,30/07/2015 11:50:00,42.49305556,,0:35,35
9/9/2015 22:20,10/9/2015 5:10,81,0:00,82,5:10,Past Midnight,9/9/2015 22:20,30/07/2015 11:55:00,42.49652778,,5:10,310
10/9/2015 6:00,10/9/2015 11:16,82,6:00,82,11:16,,10/9/2015 6:00,30/07/2015 15:09:00,42.63125,,5:16,316
10/9/2015 13:55,10/9/2015 14:35,82,13:55,82,14:35,,10/9/2015 13:55,30/07/2015 16:50:00,42.70138889,,0:40,40
10/9/2015 17:45,10/9/2015 18:15,82,17:45,82,18:15,,10/9/2015 17:45,30/07/2015 17:39:00,42.73541667,,0:30,30
10/9/2015 21:40,11/9/2015 3:35,82,0:00,83,3:35,Past Midnight,10/9/2015 21:40,30/07/2015 18:17:00,42.76180556,,3:35,215
11/9/2015 4:30,11/9/2015 10:59,83,4:30,83,10:59,,11/9/2015 4:30,30/07/2015 23:50:00,42.99305556,,6:29,389
11/9/2015 13:30,11/9/2015 14:05,83,13:30,83,14:05,,11/9/2015 13:30,31/07/2015 02:30:00,43.10416667,,0:35,35
11/9/2015 16:21,11/9/2015 16:48,83,16:21,83,16:48,,11/9/2015 16:21,31/07/2015 03:35:00,43.14930556,,0:27,27
11/9/2015 19:09,11/9/2015 19:35,83,19:09,83,19:35,,11/9/2015 19:09,31/07/2015 06:43:00,43.27986111,,0:26,26
11/9/2015 21:06,11/9/2015 21:20,83,21:06,83,21:20,,11/9/2015 21:06,31/07/2015 19:05:00,43.79513889,,0:14,14
11/9/2015 21:30,11/9/2015 23:40,83,21:30,83,23:40,Not Past Midnight,11/9/2015 21:30,31/07/2015 20:30:00,43.85416667,,2:10,130
12/9/2015 0:30,12/9/2015 4:40,84,0:30,84,4:40,,12/9/2015 0:30,1/8/2015 0:01,44.00069444,,4:10,250
12/9/2015 5:41,12/9/2015 10:28,84,5:41,84,10:28,,12/9/2015 5:41,1/8/2015 7:00,44.29166667,,4:47,287
12/9/2015 16:35,12/9/2015 17:03,84,16:35,84,17:03,,12/9/2015 16:35,1/8/2015 9:33,44.39791667,,0:28,28
12/9/2015 20:00,12/9/2015 20:30,84,20:00,84,20:30,,12/9/2015 20:00,1/8/2015 12:25,44.51736111,,0:30,30
12/9/2015 23:00,13/09/2015 03:27:00,84,0:00,85,3:27,Past Midnight,12/9/2015 23:00,2/8/2015 0:15,45.01041667,,3:27,207
13/09/2015 04:15:00,13/09/2015 09:45:00,85,4:15,85,9:45,,13/09/2015 04:15:00,2/8/2015 4:40,45.19444444,,5:30,330
13/09/2015 12:30:00,13/09/2015 13:00:00,85,12:30,85,13:00,,13/09/2015 12:30:00,2/8/2015 6:00,45.25,,0:30,30
13/09/2015 16:21:00,13/09/2015 16:48:00,85,16:21,85,16:48,,13/09/2015 16:21:00,2/8/2015 10:00,45.41666667,,0:27,27
13/09/2015 21:52:00,14/09/2015 02:38:00,85,0:00,86,2:38,Past Midnight,13/09/2015 21:52:00,2/8/2015 14:10,45.59027778,,2:38,158
14/09/2015 03:15:00,14/09/2015 08:00:00,86,3:15,86,8:00,,14/09/2015 03:15:00,2/8/2015 14:41,45.61180556,,4:45,285
14/09/2015 10:15:00,14/09/2015 10:50:00,86,10:15,86,10:50,,14/09/2015 10:15:00,2/8/2015 20:20,45.84722222,,0:35,35
14/09/2015 14:15:00,14/09/2015 14:43:00,86,14:15,86,14:43,,14/09/2015 14:15:00,2/8/2015 20:45,45.86458333,,0:28,28
14/09/2015 17:29:00,14/09/2015 18:00:00,86,17:29,86,18:00,,14/09/2015 17:29:00,2/8/2015 22:40,45.94444444,,0:31,31
14/09/2015 22:00:00,15/09/2015 04:00:00,86,0:00,87,4:00,Past Midnight,14/09/2015 22:00:00,3/8/2015 5:28,46.22777778,,4:00,240
15/09/2015 04:35:00,15/09/2015 08:20:00,87,4:35,87,8:20,,15/09/2015 04:35:00,3/8/2015 6:00,46.25,,3:45,225
15/09/2015 09:25:00,15/09/2015 10:25:00,87,9:25,87,10:25,,15/09/2015 09:25:00,3/8/2015 11:17,46.47013889,,1:00,60
15/09/2015 13:15:00,15/09/2015 13:40:00,87,13:15,87,13:40,,15/09/2015 13:15:00,3/8/2015 12:08,46.50555556,,0:25,25
15/09/2015 16:25:00,15/09/2015 16:59:00,87,16:25,87,16:59,,15/09/2015 16:25:00,3/8/2015 12:30,46.52083333,,0:34,34
15/09/2015 20:02:00,15/09/2015 20:23:00,87,20:02,87,20:23,,15/09/2015 20:02:00,3/8/2015 13:42,46.57083333,,0:21,21
15/09/2015 22:45:00,16/09/2015 10:19:00,87,0:00,88,10:19,Past Midnight,15/09/2015 22:45:00,3/8/2015 14:03,46.58541667,,10:19,619
16/09/2015 14:42:00,16/09/2015 15:07:00,88,14:42,88,15:07,,16/09/2015 14:42:00,3/8/2015 16:50,46.70138889,,0:25,25
16/09/2015 18:00:00,16/09/2015 18:28:00,88,18:00,88,18:28,,16/09/2015 18:00:00,3/8/2015 17:27,46.72708333,,0:28,28
16/09/2015 21:48:00,17/09/2015 05:49:00,88,0:00,89,5:49,Past Midnight,16/09/2015 21:48:00,3/8/2015 18:30,46.77083333,,5:49,349
17/09/2015 06:25:00,17/09/2015 08:05:00,89,6:25,89,8:05,,17/09/2015 06:25:00,3/8/2015 19:03,46.79375,,1:40,100
17/09/2015 18:10:00,17/09/2015 18:34:00,89,18:10,89,18:34,,17/09/2015 18:10:00,3/8/2015 21:12,46.88333333,,0:24,24
17/09/2015 22:23:00,18/09/2015 04:48:00,89,0:00,90,4:48,Past Midnight,17/09/2015 22:23:00,3/8/2015 21:43,46.90486111,,4:48,288
18/09/2015 05:25:00,18/09/2015 10:12:00,90,5:25,90,10:12,,18/09/2015 05:25:00,4/8/2015 0:10,47.00694444,,4:47,287
18/09/2015 13:07:00,18/09/2015 13:22:00,90,13:07,90,13:22,,18/09/2015 13:07:00,4/8/2015 6:20,47.26388889,,0:15,15
18/09/2015 15:35:00,18/09/2015 16:15:00,90,15:35,90,16:15,,18/09/2015 15:35:00,4/8/2015 7:15,47.30208333,,0:40,40
18/09/2015 22:55:00,19/09/2015 09:20:00,90,0:00,91,9:20,Past Midnight,18/09/2015 22:55:00,4/8/2015 10:40,47.44444444,,9:20,560
19/09/2015 12:50:00,19/09/2015 13:16:00,91,12:50,91,13:16,,19/09/2015 12:50:00,4/8/2015 20:30,47.85416667,,0:26,26
19/09/2015 14:30:00,19/09/2015 15:12:00,91,14:30,91,15:12,,19/09/2015 14:30:00,4/8/2015 20:59,47.87430556,,0:42,42
19/09/2015 16:44:00,19/09/2015 17:15:00,91,16:44,91,17:15,,19/09/2015 16:44:00,4/8/2015 23:30,47.97916667,,0:31,31
19/09/2015 22:20:00,20/09/2015 10:10:00,91,0:00,92,10:10,Past Midnight,19/09/2015 22:20:00,5/8/2015 5:00,48.20833333,,10:10,610
20/09/2015 12:49:00,20/09/2015 12:54:00,92,12:49,92,12:54,,20/09/2015 12:49:00,5/8/2015 6:00,48.25,,0:05,5
20/09/2015 14:31:00,20/09/2015 14:52:00,92,14:31,92,14:52,,20/09/2015 14:31:00,5/8/2015 10:20,48.43055556,,0:21,21
20/09/2015 17:10:00,20/09/2015 17:52:00,92,17:10,92,17:52,,20/09/2015 17:10:00,5/8/2015 11:08,48.46388889,,0:42,42
20/09/2015 22:33:00,21/09/2015 07:47:00,92,0:00,93,7:47,Past Midnight,20/09/2015 22:33:00,5/8/2015 11:35,48.48263889,,7:47,467
21/09/2015 11:38:00,21/09/2015 12:05:00,93,11:38,93,12:05,,21/09/2015 11:38:00,5/8/2015 22:45,48.94791667,,0:27,27
21/09/2015 14:00:00,21/09/2015 15:50:00,93,14:00,93,15:50,,21/09/2015 14:00:00,6/8/2015 5:00,49.20833333,,1:50,110
21/09/2015 20:10:00,21/09/2015 22:03:00,93,20:10,93,22:03,,21/09/2015 20:10:00,6/8/2015 6:15,49.26041667,,1:53,113
21/09/2015 22:30:00,22/09/2015 07:20:00,93,0:00,94,7:20,Past Midnight,21/09/2015 22:30:00,6/8/2015 9:40,49.40277778,,7:20,440
22/09/2015 09:52:00,22/09/2015 11:32:00,94,9:52,94,11:32,,22/09/2015 09:52:00,6/8/2015 12:45,49.53125,,1:40,100
22/09/2015 13:52:00,22/09/2015 14:25:00,94,13:52,94,14:25,,22/09/2015 13:52:00,6/8/2015 14:10,49.59027778,,0:33,33
22/09/2015 16:25:00,22/09/2015 17:05:00,94,16:25,94,17:05,,22/09/2015 16:25:00,6/8/2015 15:59,49.66597222,,0:40,40
22/09/2015 22:37:00,23/09/2015 05:40:00,94,0:00,95,5:40,Past Midnight,22/09/2015 22:37:00,6/8/2015 16:12,49.675,,5:40,340
23/09/2015 06:35:00,23/09/2015 09:29:00,95,6:35,95,9:29,,23/09/2015 06:35:00,6/8/2015 19:07,49.79652778,,2:54,174
23/09/2015 10:35:00,23/09/2015 11:45:00,95,10:35,95,11:45,,23/09/2015 10:35:00,6/8/2015 19:37,49.81736111,,1:10,70
23/09/2015 12:04:00,23/09/2015 12:54:00,95,12:04,95,12:54,,23/09/2015 12:04:00,6/8/2015 23:45,49.98958333,,0:50,50
23/09/2015 14:27:00,23/09/2015 16:20:00,95,14:27,95,16:20,,23/09/2015 14:27:00,7/8/2015 5:10,50.21527778,,1:53,113
23/09/2015 17:42:00,23/09/2015 18:05:00,95,17:42,95,18:05,,23/09/2015 17:42:00,7/8/2015 5:55,50.24652778,,0:23,23
23/09/2015 23:00:00,24/09/2015 03:27:00,95,0:00,96,3:27,Past Midnight,23/09/2015 23:00:00,7/8/2015 10:57,50.45625,,3:27,207
24/09/2015 05:05:00,24/09/2015 07:42:00,96,5:05,96,7:42,,24/09/2015 05:05:00,7/8/2015 13:10,50.54861111,,2:37,157
24/09/2015 09:45:00,24/09/2015 12:00:00,96,9:45,96,12:00,,24/09/2015 09:45:00,7/8/2015 13:45,50.57291667,,2:15,135
24/09/2015 13:35:00,24/09/2015 14:08:00,96,13:35,96,14:08,,24/09/2015 13:35:00,7/8/2015 16:06,50.67083333,,0:33,33
24/09/2015 14:25:00,24/09/2015 14:40:00,96,14:25,96,14:40,,24/09/2015 14:25:00,7/8/2015 16:41,50.69513889,,0:15,15
24/09/2015 16:05:00,24/09/2015 16:25:00,96,16:05,96,16:25,,24/09/2015 16:05:00,7/8/2015 18:00,50.75,,0:20,20
24/09/2015 19:05:00,24/09/2015 19:47:00,96,19:05,96,19:47,,24/09/2015 19:05:00,7/8/2015 19:30,50.8125,,0:42,42
24/09/2015 22:30:00,25/09/2015 04:27:00,96,0:00,97,4:27,Past Midnight,24/09/2015 22:30:00,7/8/2015 20:20,50.84722222,,4:27,267
25/09/2015 05:22:00,25/09/2015 07:35:00,97,5:22,97,7:35,,25/09/2015 05:22:00,7/8/2015 20:45,50.86458333,,2:13,133
25/09/2015 08:50:00,25/09/2015 09:30:00,97,8:50,97,9:30,,25/09/2015 08:50:00,7/8/2015 21:50,50.90972222,,0:40,40
25/09/2015 09:40:00,25/09/2015 10:00:00,97,9:40,97,10:00,,25/09/2015 09:40:00,8/8/2015 0:25,51.01736111,,0:20,20
25/09/2015 10:30:00,25/09/2015 11:20:00,97,10:30,97,11:20,,25/09/2015 10:30:00,8/8/2015 1:10,51.04861111,,0:50,50
25/09/2015 12:42:00,25/09/2015 15:21:00,97,12:42,97,15:21,,25/09/2015 12:42:00,8/8/2015 5:17,51.22013889,,2:39,159
25/09/2015 19:57:00,25/09/2015 20:25:00,97,19:57,97,20:25,,25/09/2015 19:57:00,8/8/2015 6:00,51.25,,0:28,28
25/09/2015 23:08:00,26/09/2015 06:04:00,97,0:00,98,6:04,Past Midnight,25/09/2015 23:08:00,8/8/2015 8:55,51.37152778,,6:04,364
26/09/2015 06:56:00,26/09/2015 08:55:00,98,6:56,98,8:55,Not Past Midnight,26/09/2015 06:56:00,8/8/2015 10:25,51.43402778,,1:59,119
27/09/2015 00:35:00,27/09/2015 05:26:00,99,0:35,99,5:26,,27/09/2015 00:35:00,8/8/2015 11:15,51.46875,,4:51,291
27/09/2015 06:28:00,27/09/2015 09:05:00,99,6:28,99,9:05,,27/09/2015 06:28:00,8/8/2015 14:29,51.60347222,,2:37,157
27/09/2015 10:10:00,27/09/2015 10:35:00,99,10:10,99,10:35,,27/09/2015 10:10:00,8/8/2015 14:53,51.62013889,,0:25,25
27/09/2015 12:40:00,27/09/2015 13:50:00,99,12:40,99,13:50,,27/09/2015 12:40:00,9/8/2015 0:30,52.02083333,,1:10,70
27/09/2015 17:02:00,27/09/2015 17:27:00,99,17:02,99,17:27,,27/09/2015 17:02:00,9/8/2015 4:33,52.18958333,,0:25,25
27/09/2015 21:38:00,28/09/2015 02:34:00,99,0:00,100,2:34,Past Midnight,27/09/2015 21:38:00,9/8/2015 5:15,52.21875,,2:34,154
28/09/2015 03:36:00,28/09/2015 05:56:00,100,3:36,100,5:56,,28/09/2015 03:36:00,9/8/2015 10:20,52.43055556,,2:20,140
28/09/2015 06:06:00,28/09/2015 08:00:00,100,6:06,100,8:00,,28/09/2015 06:06:00,9/8/2015 12:35,52.52430556,,1:54,114
28/09/2015 14:02:00,28/09/2015 15:00:00,100,14:02,100,15:00,,28/09/2015 14:02:00,9/8/2015 13:15,52.55208333,,0:58,58
28/09/2015 17:08:00,28/09/2015 17:50:00,100,17:08,100,17:50,,28/09/2015 17:08:00,9/8/2015 13:35,52.56597222,,0:42,42
28/09/2015 20:45:00,28/09/2015 21:12:00,100,20:45,100,21:12,,28/09/2015 20:45:00,9/8/2015 14:10,52.59027778,,0:27,27
28/09/2015 22:56:00,29/09/2015 05:30:00,100,0:00,101,5:30,Past Midnight,28/09/2015 22:56:00,9/8/2015 19:40,52.81944444,,5:30,330
29/09/2015 06:06:00,29/09/2015 08:45:00,101,6:06,101,8:45,,29/09/2015 06:06:00,9/8/2015 20:20,52.84722222,,2:39,159
29/09/2015 09:02:00,29/09/2015 09:41:00,101,9:02,101,9:41,,29/09/2015 09:02:00,9/8/2015 20:35,52.85763889,,0:39,39
29/09/2015 13:15:00,29/09/2015 14:19:00,101,13:15,101,14:19,,29/09/2015 13:15:00,9/8/2015 20:45,52.86458333,,1:04,64
29/09/2015 16:56:00,29/09/2015 17:28:00,101,16:56,101,17:28,,29/09/2015 16:56:00,9/8/2015 23:00,52.95833333,,0:32,32
29/09/2015 21:34:00,30/09/2015 01:51:00,101,0:00,102,1:51,Past Midnight,29/09/2015 21:34:00,10/8/2015 4:45,53.19791667,,1:51,111
30/09/2015 02:30:00,30/09/2015 08:40:00,102,2:30,102,8:40,,30/09/2015 02:30:00,10/8/2015 5:30,53.22916667,,6:10,370
30/09/2015 10:15:00,30/09/2015 11:18:00,102,10:15,102,11:18,,30/09/2015 10:15:00,10/8/2015 10:13,53.42569444,,1:03,63
30/09/2015 13:02:00,30/09/2015 15:37:00,102,13:02,102,15:37,,30/09/2015 13:02:00,10/8/2015 13:30,53.5625,,2:35,155
30/09/2015 18:00:00,30/09/2015 18:36:00,102,18:00,102,18:36,,30/09/2015 18:00:00,10/8/2015 14:03,53.58541667,,0:36,36
30/09/2015 21:38:00,1/10/2015 0:21,102,0:00,103,0:21,Past Midnight,30/09/2015 21:38:00,10/8/2015 16:24,53.68333333,,0:21,21
1/10/2015 1:32,1/10/2015 5:15,103,1:32,103,5:15,,1/10/2015 1:32,10/8/2015 16:51,53.70208333,,3:43,223
1/10/2015 6:50,1/10/2015 8:00,103,6:50,103,8:00,,1/10/2015 6:50,10/8/2015 23:45,53.98958333,,1:10,70
1/10/2015 11:21,1/10/2015 12:02,103,11:21,103,12:02,,1/10/2015 11:21,11/8/2015 4:35,54.19097222,,0:41,41
1/10/2015 18:27,1/10/2015 19:03,103,18:27,103,19:03,,1/10/2015 18:27,11/8/2015 5:35,54.23263889,,0:36,36
1/10/2015 21:14,1/10/2015 21:39,103,21:14,103,21:39,,1/10/2015 21:14,11/8/2015 10:03,54.41875,,0:25,25
1/10/2015 23:15,2/10/2015 3:11,103,0:00,104,3:11,Past Midnight,1/10/2015 23:15,11/8/2015 12:00,54.5,,3:11,191
2/10/2015 3:46,2/10/2015 9:00,104,3:46,104,9:00,,2/10/2015 3:46,11/8/2015 12:30,54.52083333,,5:14,314
2/10/2015 11:36,2/10/2015 12:12,104,11:36,104,12:12,,2/10/2015 11:36,11/8/2015 18:45,54.78125,,0:36,36
2/10/2015 11:36,2/10/2015 12:12,104,11:36,104,12:12,,2/10/2015 11:36,11/8/2015 19:15,54.80208333,,0:36,36
2/10/2015 14:33,2/10/2015 14:43,104,14:33,104,14:43,,2/10/2015 14:33,11/8/2015 20:45,54.86458333,,0:10,10
2/10/2015 16:14,2/10/2015 17:12,104,16:14,104,17:12,,2/10/2015 16:14,11/8/2015 22:49,54.95069444,,0:58,58
2/10/2015 22:14,3/10/2015 4:36,104,0:00,105,4:36,Past Midnight,2/10/2015 22:14,11/8/2015 23:30,54.97916667,,4:36,276
3/10/2015 5:12,3/10/2015 9:35,105,5:12,105,9:35,,3/10/2015 5:12,12/8/2015 3:30,55.14583333,,4:23,263
3/10/2015 11:19,3/10/2015 12:56,105,11:19,105,12:56,,3/10/2015 11:19,12/8/2015 4:15,55.17708333,,1:37,97
3/10/2015 14:35,3/10/2015 15:37,105,14:35,105,15:37,,3/10/2015 14:35,12/8/2015 7:30,55.3125,,1:02,62
3/10/2015 15:39,3/10/2015 15:45,105,15:39,105,15:45,,3/10/2015 15:39,12/8/2015 22:15,55.92708333,,0:06,6
3/10/2015 16:50,3/10/2015 17:29,105,16:50,105,17:29,,3/10/2015 16:50,13/08/2015 04:38:00,56.19305556,,0:39,39
3/10/2015 21:55,4/10/2015 1:47,105,0:00,106,1:47,Past Midnight,3/10/2015 21:55,13/08/2015 05:20:00,56.22222222,,1:47,107
4/10/2015 3:19,4/10/2015 7:20,106,3:19,106,7:20,,4/10/2015 3:19,13/08/2015 10:10:00,56.42361111,,4:01,241
4/10/2015 8:25,4/10/2015 8:51,106,8:25,106,8:51,,4/10/2015 8:25,13/08/2015 12:44:00,56.53055556,,0:26,26
4/10/2015 9:23,4/10/2015 9:52,106,9:23,106,9:52,,4/10/2015 9:23,13/08/2015 13:16:00,56.55277778,,0:29,29
4/10/2015 11:33,4/10/2015 12:54,106,11:33,106,12:54,,4/10/2015 11:33,13/08/2015 14:53:00,56.62013889,,1:21,81
4/10/2015 14:30,4/10/2015 14:56,106,14:30,106,14:56,,4/10/2015 14:30,13/08/2015 15:05:00,56.62847222,,0:26,26
4/10/2015 16:54,4/10/2015 17:26,106,16:54,106,17:26,,4/10/2015 16:54,13/08/2015 19:50:00,56.82638889,,0:32,32
4/10/2015 21:25,5/10/2015 2:30,106,0:00,107,2:30,Past Midnight,4/10/2015 21:25,13/08/2015 21:48:00,56.90833333,,2:30,150
5/10/2015 3:15,5/10/2015 7:21,107,3:15,107,7:21,,5/10/2015 3:15,13/08/2015 23:04:00,56.96111111,,4:06,246
5/10/2015 8:34,5/10/2015 12:51,107,8:34,107,12:51,,5/10/2015 8:34,14/08/2015 03:04:00,57.12777778,,4:17,257
5/10/2015 18:05,5/10/2015 18:36,107,18:05,107,18:36,,5/10/2015 18:05,14/08/2015 04:30:00,57.1875,,0:31,31
5/10/2015 22:13,6/10/2015 1:55,107,0:00,108,1:55,Past Midnight,5/10/2015 22:13,14/08/2015 08:40:00,57.36111111,,1:55,115
6/10/2015 3:08,6/10/2015 5:50,108,3:08,108,5:50,,6/10/2015 3:08,14/08/2015 11:20:00,57.47222222,,2:42,162
6/10/2015 6:11,6/10/2015 8:00,108,6:11,108,8:00,,6/10/2015 6:11,14/08/2015 12:15:00,57.51041667,,1:49,109
6/10/2015 10:51,6/10/2015 11:16,108,10:51,108,11:16,,6/10/2015 10:51,14/08/2015 21:30:00,57.89583333,,0:25,25
6/10/2015 15:12,6/10/2015 15:50,108,15:12,108,15:50,,6/10/2015 15:12,14/08/2015 22:28:00,57.93611111,,0:38,38
6/10/2015 19:00,6/10/2015 19:23,108,19:00,108,19:23,,6/10/2015 19:00,15/08/2015 01:30:00,58.0625,,0:23,23
6/10/2015 22:00,7/10/2015 2:18,108,0:00,109,2:18,Past Midnight,6/10/2015 22:00,15/08/2015 05:40:00,58.23611111,,2:18,138
7/10/2015 3:18,7/10/2015 8:55,109,3:18,109,8:55,,7/10/2015 3:18,15/08/2015 06:00:00,58.25,,5:37,337
7/10/2015 11:57,7/10/2015 12:28,109,11:57,109,12:28,,7/10/2015 11:57,15/08/2015 08:50:00,58.36805556,,0:31,31
7/10/2015 14:45,7/10/2015 15:23,109,14:45,109,15:23,,7/10/2015 14:45,15/08/2015 09:45:00,58.40625,,0:38,38
7/10/2015 17:58,7/10/2015 18:21,109,17:58,109,18:21,,7/10/2015 17:58,15/08/2015 12:30:00,58.52083333,,0:23,23
7/10/2015 21:46,7/10/2015 23:48,109,21:46,109,23:48,,7/10/2015 21:46,15/08/2015 14:30:00,58.60416667,,2:02,122
7/10/2015 23:56,8/10/2015 3:30,109,0:00,110,3:30,Past Midnight,7/10/2015 23:56,15/08/2015 15:15:00,58.63541667,,3:30,210
8/10/2015 4:25,8/10/2015 8:25,110,4:25,110,8:25,,8/10/2015 4:25,15/08/2015 15:55:00,58.66319444,,4:00,240
8/10/2015 10:27,8/10/2015 10:58,110,10:27,110,10:58,,8/10/2015 10:27,15/08/2015 16:20:00,58.68055556,,0:31,31
8/10/2015 14:00,8/10/2015 14:50,110,14:00,110,14:50,,8/10/2015 14:00,15/08/2015 17:35:00,58.73263889,,0:50,50
8/10/2015 18:20,8/10/2015 19:05,110,18:20,110,19:05,,8/10/2015 18:20,15/08/2015 18:00:00,58.75,,0:45,45
8/10/2015 22:04,9/10/2015 4:55,110,0:00,111,4:55,Past Midnight,8/10/2015 22:04,15/08/2015 22:46:00,58.94861111,,4:55,295
9/10/2015 5:31,9/10/2015 9:18,111,5:31,111,9:18,,9/10/2015 5:31,16/08/2015 03:20:00,59.13888889,,3:47,227
9/10/2015 15:19,9/10/2015 15:52,111,15:19,111,15:52,,9/10/2015 15:19,16/08/2015 03:50:00,59.15972222,,0:33,33
9/10/2015 18:48,9/10/2015 19:19,111,18:48,111,19:19,,9/10/2015 18:48,16/08/2015 07:35:00,59.31597222,,0:31,31
9/10/2015 20:57,9/10/2015 22:20,111,20:57,111,22:20,,9/10/2015 20:57,16/08/2015 08:40:00,59.36111111,,1:23,83
9/10/2015 23:30,10/10/2015 4:54,111,0:00,112,4:54,Past Midnight,9/10/2015 23:30,16/08/2015 10:00:00,59.41666667,,4:54,294
10/10/2015 5:40,10/10/2015 10:54,112,5:40,112,10:54,,10/10/2015 5:40,16/08/2015 13:40:00,59.56944444,,5:14,314
10/10/2015 13:27,10/10/2015 14:06,112,13:27,112,14:06,,10/10/2015 13:27,16/08/2015 14:55:00,59.62152778,,0:39,39
10/10/2015 16:40,10/10/2015 17:12,112,16:40,112,17:12,,10/10/2015 16:40,16/08/2015 15:50:00,59.65972222,,0:32,32
10/10/2015 22:48,11/10/2015 1:37,112,0:00,113,1:37,Past Midnight,10/10/2015 22:48,16/08/2015 17:30:00,59.72916667,,1:37,97
11/10/2015 2:30,11/10/2015 7:08,113,2:30,113,7:08,,11/10/2015 2:30,16/08/2015 22:40:00,59.94444444,,4:38,278
11/10/2015 9:08,11/10/2015 10:35,113,9:08,113,10:35,,11/10/2015 9:08,17/08/2015 04:30:00,60.1875,,1:27,87
11/10/2015 13:05,11/10/2015 13:45,113,13:05,113,13:45,,11/10/2015 13:05,17/08/2015 05:10:00,60.21527778,,0:40,40
11/10/2015 16:08,11/10/2015 16:35,113,16:08,113,16:35,,11/10/2015 16:08,17/08/2015 09:20:00,60.38888889,,0:27,27
11/10/2015 19:03,11/10/2015 19:31,113,19:03,113,19:31,,11/10/2015 19:03,17/08/2015 11:36:00,60.48333333,,0:28,28
11/10/2015 22:37,12/10/2015 2:08,113,0:00,114,2:08,Past Midnight,11/10/2015 22:37,17/08/2015 12:10:00,60.50694444,,2:08,128
12/10/2015 2:50,12/10/2015 9:43,114,2:50,114,9:43,,12/10/2015 2:50,17/08/2015 15:22:00,60.64027778,,6:53,413
12/10/2015 11:55,12/10/2015 12:25,114,11:55,114,12:25,,12/10/2015 11:55,17/08/2015 15:44:00,60.65555556,,0:30,30
12/10/2015 15:16,12/10/2015 16:09,114,15:16,114,16:09,,12/10/2015 15:16,17/08/2015 19:16:00,60.80277778,,0:53,53
12/10/2015 16:24,12/10/2015 17:34,114,16:24,114,17:34,,12/10/2015 16:24,17/08/2015 19:32:00,60.81388889,,1:10,70
12/10/2015 21:53,12/10/2015 23:51,114,21:53,114,23:51,Not Past Midnight,12/10/2015 21:53,18/08/2015 00:00:00,61,,1:58,118
13/10/2015 00:24:00,13/10/2015 05:01:00,115,0:24,115,5:01,,13/10/2015 00:24:00,18/08/2015 06:30:00,61.27083333,,4:37,277
13/10/2015 05:50:00,13/10/2015 09:33:00,115,5:50,115,9:33,,13/10/2015 05:50:00,18/08/2015 07:15:00,61.30208333,,3:43,223
13/10/2015 12:31:00,13/10/2015 13:08:00,115,12:31,115,13:08,,13/10/2015 12:31:00,18/08/2015 11:00:00,61.45833333,,0:37,37
13/10/2015 13:30:00,13/10/2015 14:21:00,115,13:30,115,14:21,,13/10/2015 13:30:00,18/08/2015 17:05:00,61.71180556,,0:51,51
13/10/2015 16:54:00,13/10/2015 17:34:00,115,16:54,115,17:34,,13/10/2015 16:54:00,18/08/2015 17:38:00,61.73472222,,0:40,40
13/10/2015 21:26:00,14/10/2015 01:51:00,115,0:00,116,1:51,Past Midnight,13/10/2015 21:26:00,18/08/2015 20:30:00,61.85416667,,1:51,111
14/10/2015 03:00:00,14/10/2015 07:00:00,116,3:00,116,7:00,,14/10/2015 03:00:00,18/08/2015 20:50:00,61.86805556,,4:00,240
14/10/2015 07:31:00,14/10/2015 08:55:00,116,7:31,116,8:55,,14/10/2015 07:31:00,18/08/2015 22:05:00,61.92013889,,1:24,84
14/10/2015 10:46:00,14/10/2015 11:18:00,116,10:46,116,11:18,,14/10/2015 10:46:00,19/08/2015 04:30:00,62.1875,,0:32,32
14/10/2015 14:50:00,14/10/2015 15:00:00,116,14:50,116,15:00,,14/10/2015 14:50:00,19/08/2015 05:20:00,62.22222222,,0:10,10
14/10/2015 16:20:00,14/10/2015 16:49:00,116,16:20,116,16:49,,14/10/2015 16:20:00,19/08/2015 09:19:00,62.38819444,,0:29,29
14/10/2015 23:10:00,15/10/2015 05:08:00,116,0:00,117,5:08,Past Midnight,14/10/2015 23:10:00,19/08/2015 10:17:00,62.42847222,,5:08,308
15/10/2015 06:00:00,15/10/2015 08:24:00,117,6:00,117,8:24,,15/10/2015 06:00:00,19/08/2015 10:45:00,62.44791667,,2:24,144
15/10/2015 10:37:00,15/10/2015 11:18:00,117,10:37,117,11:18,,15/10/2015 10:37:00,19/08/2015 12:50:00,62.53472222,,0:41,41
15/10/2015 15:12:00,15/10/2015 15:27:00,117,15:12,117,15:27,,15/10/2015 15:12:00,19/08/2015 13:17:00,62.55347222,,0:15,15
15/10/2015 18:28:00,15/10/2015 20:02:00,117,18:28,117,20:02,,15/10/2015 18:28:00,19/08/2015 14:55:00,62.62152778,,1:34,94
15/10/2015 23:36:00,16/10/2015 03:25:00,117,0:00,118,3:25,Past Midnight,15/10/2015 23:36:00,19/08/2015 15:27:00,62.64375,,3:25,205
16/10/2015 04:12:00,16/10/2015 09:09:00,118,4:12,118,9:09,,16/10/2015 04:12:00,19/08/2015 18:02:00,62.75138889,,4:57,297
16/10/2015 12:20:00,16/10/2015 13:00:00,118,12:20,118,13:00,,16/10/2015 12:20:00,19/08/2015 18:24:00,62.76666667,,0:40,40
16/10/2015 16:00:00,16/10/2015 16:47:00,118,16:00,118,16:47,,16/10/2015 16:00:00,19/08/2015 22:20:00,62.93055556,,0:47,47
16/10/2015 20:47:00,16/10/2015 21:19:00,118,20:47,118,21:19,,16/10/2015 20:47:00,20/08/2015 05:00:00,63.20833333,,0:32,32
16/10/2015 23:20:00,17/10/2015 03:20:00,118,0:00,119,3:20,Past Midnight,16/10/2015 23:20:00,20/08/2015 05:40:00,63.23611111,,3:20,200
17/10/2015 04:02:00,17/10/2015 09:45:00,119,4:02,119,9:45,,17/10/2015 04:02:00,20/08/2015 10:00:00,63.41666667,,5:43,343
17/10/2015 12:05:00,17/10/2015 12:44:00,119,12:05,119,12:44,,17/10/2015 12:05:00,20/08/2015 12:45:00,63.53125,,0:39,39
17/10/2015 15:03:00,17/10/2015 15:38:00,119,15:03,119,15:38,,17/10/2015 15:03:00,20/08/2015 13:18:00,63.55416667,,0:35,35
17/10/2015 21:00:00,17/10/2015 22:45:00,119,21:00,119,22:45,Not Past Midnight,17/10/2015 21:00:00,20/08/2015 16:35:00,63.69097222,,1:45,105
18/10/2015 00:47:00,18/10/2015 05:56:00,120,0:47,120,5:56,,18/10/2015 00:47:00,20/08/2015 16:50:00,63.70138889,,5:09,309
18/10/2015 06:30:00,18/10/2015 10:45:00,120,6:30,120,10:45,,18/10/2015 06:30:00,20/08/2015 22:25:00,63.93402778,,4:15,255
18/10/2015 13:07:00,18/10/2015 13:36:00,120,13:07,120,13:36,,18/10/2015 13:07:00,20/08/2015 23:05:00,63.96180556,,0:29,29
18/10/2015 15:30:00,18/10/2015 16:00:00,120,15:30,120,16:00,,18/10/2015 15:30:00,20/08/2015 23:25:00,63.97569444,,0:30,30
18/10/2015 19:00:00,18/10/2015 19:31:00,120,19:00,120,19:31,,18/10/2015 19:00:00,21/08/2015 03:10:00,64.13194444,,0:31,31
18/10/2015 21:51:00,19/10/2015 01:13:00,120,0:00,121,1:13,Past Midnight,18/10/2015 21:51:00,21/08/2015 03:55:00,64.16319444,,1:13,73
19/10/2015 01:51:00,19/10/2015 05:42:00,121,1:51,121,5:42,,19/10/2015 01:51:00,21/08/2015 10:25:00,64.43402778,,3:51,231
19/10/2015 09:05:00,19/10/2015 10:15:00,121,9:05,121,10:15,,19/10/2015 09:05:00,21/08/2015 12:25:00,64.51736111,,1:10,70
19/10/2015 15:55:00,19/10/2015 17:35:00,121,15:55,121,17:35,,19/10/2015 15:55:00,21/08/2015 13:12:00,64.55,,1:40,100
19/10/2015 21:22:00,20/10/2015 02:15:00,121,0:00,122,2:15,Past Midnight,19/10/2015 21:22:00,21/08/2015 14:56:00,64.62222222,,2:15,135
20/10/2015 03:30:00,20/10/2015 06:30:00,122,3:30,122,6:30,,20/10/2015 03:30:00,21/08/2015 15:24:00,64.64166667,,3:00,180
20/10/2015 09:00:00,20/10/2015 11:07:00,122,9:00,122,11:07,,20/10/2015 09:00:00,21/08/2015 16:59:00,64.70763889,,2:07,127
20/10/2015 14:40:00,20/10/2015 15:10:00,122,14:40,122,15:10,,20/10/2015 14:40:00,21/08/2015 17:25:00,64.72569444,,0:30,30
20/10/2015 16:30:00,20/10/2015 17:05:00,122,16:30,122,17:05,,20/10/2015 16:30:00,21/08/2015 23:00:00,64.95833333,,0:35,35
20/10/2015 19:52:00,20/10/2015 20:21:00,122,19:52,122,20:21,,20/10/2015 19:52:00,22/08/2015 03:10:00,65.13194444,,0:29,29
20/10/2015 22:29:00,21/10/2015 02:55:00,122,0:00,123,2:55,Past Midnight,20/10/2015 22:29:00,22/08/2015 03:55:00,65.16319444,,2:55,175
21/10/2015 03:30:00,21/10/2015 08:40:00,123,3:30,123,8:40,,21/10/2015 03:30:00,22/08/2015 09:25:00,65.39236111,,5:10,310
21/10/2015 11:04:00,21/10/2015 12:46:00,123,11:04,123,12:46,,21/10/2015 11:04:00,22/08/2015 10:30:00,65.4375,,1:42,102
21/10/2015 15:15:00,21/10/2015 15:49:00,123,15:15,123,15:49,,21/10/2015 15:15:00,22/08/2015 11:37:00,65.48402778,,0:34,34
21/10/2015 19:46:00,21/10/2015 20:20:00,123,19:46,123,20:20,,21/10/2015 19:46:00,22/08/2015 13:35:00,65.56597222,,0:34,34
21/10/2015 22:30:00,22/10/2015 04:03:00,123,0:00,124,4:03,Past Midnight,21/10/2015 22:30:00,22/08/2015 14:09:00,65.58958333,,4:03,243
22/10/2015 04:39:00,22/10/2015 09:10:00,124,4:39,124,9:10,,22/10/2015 04:39:00,22/08/2015 15:40:00,65.65277778,,4:31,271
22/10/2015 11:58:00,22/10/2015 12:41:00,124,11:58,124,12:41,,22/10/2015 11:58:00,22/08/2015 16:10:00,65.67361111,,0:43,43
22/10/2015 15:21:00,22/10/2015 15:47:00,124,15:21,124,15:47,,22/10/2015 15:21:00,22/08/2015 16:45:00,65.69791667,,0:26,26
22/10/2015 19:04:00,22/10/2015 19:27:00,124,19:04,124,19:27,,22/10/2015 19:04:00,22/08/2015 17:44:00,65.73888889,,0:23,23
22/10/2015 21:21:00,22/10/2015 23:59:00,124,21:21,124,23:59,Not Past Midnight,22/10/2015 21:21:00,22/08/2015 18:50:00,65.78472222,,2:38,158
23/10/2015 00:33:00,23/10/2015 04:30:00,125,0:33,125,4:30,,23/10/2015 00:33:00,22/08/2015 19:25:00,65.80902778,,3:57,237
23/10/2015 05:03:00,23/10/2015 08:20:00,125,5:03,125,8:20,,23/10/2015 05:03:00,22/08/2015 21:30:00,65.89583333,,3:17,197
23/10/2015 11:58:00,23/10/2015 12:40:00,125,11:58,125,12:40,,23/10/2015 11:58:00,22/08/2015 22:00:00,65.91666667,,0:42,42
23/10/2015 14:55:00,23/10/2015 16:19:00,125,14:55,125,16:19,,23/10/2015 14:55:00,22/08/2015 23:15:00,65.96875,,1:24,84
23/10/2015 19:41:00,23/10/2015 20:12:00,125,19:41,125,20:12,,23/10/2015 19:41:00,23/08/2015 04:00:00,66.16666667,,0:31,31
23/10/2015 21:37:00,24/10/2015 02:15:00,125,0:00,126,2:15,Past Midnight,23/10/2015 21:37:00,23/08/2015 04:40:00,66.19444444,,2:15,135
24/10/2015 02:43:00,24/10/2015 08:50:00,126,2:43,126,8:50,,24/10/2015 02:43:00,23/08/2015 08:40:00,66.36111111,,6:07,367
24/10/2015 11:30:00,24/10/2015 12:07:00,126,11:30,126,12:07,,24/10/2015 11:30:00,23/08/2015 12:58:00,66.54027778,,0:37,37
24/10/2015 15:52:00,24/10/2015 15:56:00,126,15:52,126,15:56,,24/10/2015 15:52:00,23/08/2015 13:20:00,66.55555556,,0:04,4
24/10/2015 17:10:00,24/10/2015 17:41:00,126,17:10,126,17:41,,24/10/2015 17:10:00,23/08/2015 19:22:00,66.80694444,,0:31,31
24/10/2015 21:40:00,25/10/2015 04:24:00,126,0:00,127,4:24,Past Midnight,24/10/2015 21:40:00,23/08/2015 19:40:00,66.81944444,,4:24,264
25/10/2015 04:51:00,25/10/2015 09:33:00,127,4:51,127,9:33,,25/10/2015 04:51:00,23/08/2015 22:12:00,66.925,,4:42,282
25/10/2015 12:31:00,25/10/2015 13:08:00,127,12:31,127,13:08,,25/10/2015 12:31:00,23/08/2015 23:10:00,66.96527778,,0:37,37
25/10/2015 16:08:00,25/10/2015 16:43:00,127,16:08,127,16:43,,25/10/2015 16:08:00,23/08/2015 23:27:00,66.97708333,,0:35,35
25/10/2015 19:05:00,25/10/2015 19:29:00,127,19:05,127,19:29,,25/10/2015 19:05:00,24/08/2015 04:36:00,67.19166667,,0:24,24
25/10/2015 20:50:00,25/10/2015 21:30:00,127,20:50,127,21:30,,25/10/2015 20:50:00,24/08/2015 05:25:00,67.22569444,,0:40,40
25/10/2015 21:40:00,26/10/2015 02:04:00,127,0:00,128,2:04,Past Midnight,25/10/2015 21:40:00,24/08/2015 10:04:00,67.41944444,,2:04,124
26/10/2015 02:52:00,26/10/2015 06:40:00,128,2:52,128,6:40,,26/10/2015 02:52:00,24/08/2015 12:25:00,67.51736111,,3:48,228
26/10/2015 09:00:00,26/10/2015 10:05:00,128,9:00,128,10:05,,26/10/2015 09:00:00,24/08/2015 12:50:00,67.53472222,,1:05,65
26/10/2015 11:30:00,26/10/2015 12:00:00,128,11:30,128,12:00,,26/10/2015 11:30:00,24/08/2015 14:27:00,67.60208333,,0:30,30
26/10/2015 14:00:00,26/10/2015 14:45:00,128,14:00,128,14:45,,26/10/2015 14:00:00,24/08/2015 14:50:00,67.61805556,,0:45,45
26/10/2015 16:00:00,26/10/2015 17:00:00,128,16:00,128,17:00,,26/10/2015 16:00:00,24/08/2015 16:10:00,67.67361111,,1:00,60
26/10/2015 17:10:00,26/10/2015 18:08:00,128,17:10,128,18:08,,26/10/2015 17:10:00,24/08/2015 16:23:00,67.68263889,,0:58,58
26/10/2015 21:48:00,27/10/2015 04:10:00,128,0:00,129,4:10,Past Midnight,26/10/2015 21:48:00,24/08/2015 18:07:00,67.75486111,,4:10,250
27/10/2015 05:15:00,27/10/2015 08:40:00,129,5:15,129,8:40,,27/10/2015 05:15:00,24/08/2015 18:28:00,67.76944444,,3:25,205
27/10/2015 09:32:00,27/10/2015 10:07:00,129,9:32,129,10:07,,27/10/2015 09:32:00,24/08/2015 23:25:00,67.97569444,,0:35,35
27/10/2015 12:26:00,27/10/2015 12:51:00,129,12:26,129,12:51,,27/10/2015 12:26:00,24/08/2015 23:50:00,67.99305556,,0:25,25
27/10/2015 15:07:00,27/10/2015 15:30:00,129,15:07,129,15:30,,27/10/2015 15:07:00,25/08/2015 00:47:00,68.03263889,,0:23,23
27/10/2015 17:10:00,27/10/2015 18:35:00,129,17:10,129,18:35,,27/10/2015 17:10:00,25/08/2015 06:17:00,68.26180556,,1:25,85
27/10/2015 22:12:00,28/10/2015 04:13:00,129,0:00,130,4:13,Past Midnight,27/10/2015 22:12:00,25/08/2015 06:56:00,68.28888889,,4:13,253
28/10/2015 04:57:00,28/10/2015 08:36:00,130,4:57,130,8:36,,28/10/2015 04:57:00,25/08/2015 11:35:00,68.48263889,,3:39,219
28/10/2015 13:58:00,28/10/2015 14:38:00,130,13:58,130,14:38,,28/10/2015 13:58:00,25/08/2015 18:05:00,68.75347222,,0:40,40
28/10/2015 17:04:00,28/10/2015 17:29:00,130,17:04,130,17:29,,28/10/2015 17:04:00,25/08/2015 18:25:00,68.76736111,,0:25,25
28/10/2015 22:24:00,29/10/2015 02:24:00,130,0:00,131,2:24,Past Midnight,28/10/2015 22:24:00,25/08/2015 20:05:00,68.83680556,,2:24,144
29/10/2015 03:20:00,29/10/2015 06:22:00,131,3:20,131,6:22,,29/10/2015 03:20:00,25/08/2015 20:26:00,68.85138889,,3:02,182
29/10/2015 06:34:00,29/10/2015 08:20:00,131,6:34,131,8:20,,29/10/2015 06:34:00,25/08/2015 22:15:00,68.92708333,,1:46,106
29/10/2015 11:46:00,29/10/2015 12:17:00,131,11:46,131,12:17,,29/10/2015 11:46:00,25/08/2015 22:40:00,68.94444444,,0:31,31
29/10/2015 18:57:00,29/10/2015 19:21:00,131,18:57,131,19:21,,29/10/2015 18:57:00,26/08/2015 00:15:00,69.01041667,,0:24,24
29/10/2015 22:19:00,30/10/2015 04:01:00,131,0:00,132,4:01,Past Midnight,29/10/2015 22:19:00,26/08/2015 06:15:00,69.26041667,,4:01,241
30/10/2015 04:34:00,30/10/2015 08:10:00,132,4:34,132,8:10,,30/10/2015 04:34:00,26/08/2015 06:47:00,69.28263889,,3:36,216
30/10/2015 09:10:00,30/10/2015 09:40:00,132,9:10,132,9:40,,30/10/2015 09:10:00,26/08/2015 08:15:00,69.34375,,0:30,30
30/10/2015 13:45:00,30/10/2015 14:19:00,132,13:45,132,14:19,,30/10/2015 13:45:00,26/08/2015 12:43:00,69.52986111,,0:34,34
30/10/2015 16:37:00,30/10/2015 17:19:00,132,16:37,132,17:19,,30/10/2015 16:37:00,26/08/2015 13:08:00,69.54722222,,0:42,42
30/10/2015 22:23:00,31/10/2015 00:45:00,132,0:00,133,0:45,Past Midnight,30/10/2015 22:23:00,26/08/2015 22:30:00,69.9375,,0:45,45
31/10/2015 01:29:00,31/10/2015 03:00:00,133,1:29,133,3:00,,31/10/2015 01:29:00,27/08/2015 04:49:00,70.20069444,,1:31,91
31/10/2015 03:35:00,31/10/2015 07:57:00,133,3:35,133,7:57,,31/10/2015 03:35:00,27/08/2015 05:30:00,70.22916667,,4:22,262
31/10/2015 22:54:00,1/11/2015 4:44,133,22:54,133,4:44,,31/10/2015 22:54:00,27/08/2015 10:00:00,70.41666667,,#VALUE!,#VALUE!
1/11/2015 5:30,1/11/2015 10:25,133,5:30,133,10:25,,1/11/2015 5:30,27/08/2015 12:00:00,70.5,,4:55,295
1/11/2015 12:05,1/11/2015 12:30,133,12:05,133,12:30,,1/11/2015 12:05,27/08/2015 12:20:00,70.51388889,,0:25,25
1/11/2015 13:15,1/11/2015 13:45,133,13:15,133,13:45,,1/11/2015 13:15,27/08/2015 12:55:00,70.53819444,,0:30,30
1/11/2015 17:25,1/11/2015 18:28,133,17:25,133,18:28,,1/11/2015 17:25,27/08/2015 13:15:00,70.55208333,,1:03,63
1/11/2015 21:49,1/11/2015 22:00,133,21:49,133,22:00,,1/11/2015 21:49,27/08/2015 13:30:00,70.5625,,0:11,11
1/11/2015 23:05,2/11/2015 2:06,133,0:00,134,2:06,Past Midnight,1/11/2015 23:05,27/08/2015 13:40:00,70.56944444,,2:06,126
2/11/2015 2:45,2/11/2015 6:30,134,2:45,134,6:30,,2/11/2015 2:45,27/08/2015 14:34:00,70.60694444,,3:45,225
2/11/2015 6:49,2/11/2015 8:43,134,6:49,134,8:43,,2/11/2015 6:49,27/08/2015 14:43:00,70.61319444,,1:54,114
2/11/2015 14:45,2/11/2015 16:04,134,14:45,134,16:04,,2/11/2015 14:45,27/08/2015 22:45:00,70.94791667,,1:19,79
2/11/2015 18:32,2/11/2015 18:51,134,18:32,134,18:51,,2/11/2015 18:32,28/08/2015 04:24:00,71.18333333,,0:19,19
2/11/2015 21:29,2/11/2015 21:56,134,21:29,134,21:56,,2/11/2015 21:29,28/08/2015 05:15:00,71.21875,,0:27,27
2/11/2015 22:30,3/11/2015 1:36,134,0:00,135,1:36,Past Midnight,2/11/2015 22:30,28/08/2015 10:40:00,71.44444444,,1:36,96
3/11/2015 2:12,3/11/2015 6:13,135,2:12,135,6:13,,3/11/2015 2:12,28/08/2015 11:55:00,71.49652778,,4:01,241
3/11/2015 6:28,3/11/2015 10:02,135,6:28,135,10:02,,3/11/2015 6:28,28/08/2015 12:23:00,71.51597222,,3:34,214
3/11/2015 12:23,3/11/2015 13:00,135,12:23,135,13:00,,3/11/2015 12:23,28/08/2015 13:51:00,71.57708333,,0:37,37
3/11/2015 17:17,3/11/2015 18:36,135,17:17,135,18:36,,3/11/2015 17:17,28/08/2015 14:01:00,71.58402778,,1:19,79
3/11/2015 22:45,4/11/2015 4:21,135,0:00,136,4:21,Past Midnight,3/11/2015 22:45,28/08/2015 15:41:00,71.65347222,,4:21,261
4/11/2015 5:35,4/11/2015 9:20,136,5:35,136,9:20,,4/11/2015 5:35,28/08/2015 15:48:00,71.65833333,,3:45,225
4/11/2015 14:45,4/11/2015 15:18,136,14:45,136,15:18,,4/11/2015 14:45,28/08/2015 16:47:00,71.69930556,,0:33,33
4/11/2015 19:45,4/11/2015 21:03,136,19:45,136,21:03,,4/11/2015 19:45,28/08/2015 17:56:00,71.74722222,,1:18,78
4/11/2015 22:18,4/11/2015 23:51,136,22:18,136,23:51,Not Past Midnight,4/11/2015 22:18,28/08/2015 19:04:00,71.79444444,,1:33,93
5/11/2015 0:15,5/11/2015 6:13,137,0:15,137,6:13,,5/11/2015 0:15,28/08/2015 19:23:00,71.80763889,,5:58,358
5/11/2015 6:54,5/11/2015 8:45,137,6:54,137,8:45,,5/11/2015 6:54,28/08/2015 20:35:00,71.85763889,,1:51,111
5/11/2015 12:00,5/11/2015 12:30,137,12:00,137,12:30,,5/11/2015 12:00,28/08/2015 21:15:00,71.88541667,,0:30,30
5/11/2015 14:40,5/11/2015 15:20,137,14:40,137,15:20,,5/11/2015 14:40,28/08/2015 22:58:00,71.95694444,,0:40,40
5/11/2015 17:42,5/11/2015 18:22,137,17:42,137,18:22,,5/11/2015 17:42,29/08/2015 04:16:00,72.17777778,,0:40,40
5/11/2015 21:06,6/11/2015 0:44,137,0:00,138,0:44,Past Midnight,5/11/2015 21:06,29/08/2015 05:00:00,72.20833333,,0:44,44
6/11/2015 1:29,6/11/2015 5:10,138,1:29,138,5:10,,6/11/2015 1:29,29/08/2015 09:25:00,72.39236111,,3:41,221
6/11/2015 6:28,6/11/2015 8:20,138,6:28,138,8:20,,6/11/2015 6:28,29/08/2015 11:14:00,72.46805556,,1:52,112
6/11/2015 12:10,6/11/2015 12:55,138,12:10,138,12:55,,6/11/2015 12:10,29/08/2015 11:37:00,72.48402778,,0:45,45
6/11/2015 15:50,6/11/2015 16:13,138,15:50,138,16:13,,6/11/2015 15:50,29/08/2015 14:50:00,72.61805556,,0:23,23
6/11/2015 19:01,6/11/2015 19:24,138,19:01,138,19:24,,6/11/2015 19:01,29/08/2015 14:56:00,72.62222222,,0:23,23
6/11/2015 21:10,7/11/2015 2:41,138,0:00,139,2:41,Past Midnight,6/11/2015 21:10,29/08/2015 15:11:00,72.63263889,,2:41,161
7/11/2015 3:22,7/11/2015 7:45,139,3:22,139,7:45,,7/11/2015 3:22,29/08/2015 15:51:00,72.66041667,,4:23,263
7/11/2015 12:04,7/11/2015 12:30,139,12:04,139,12:30,,7/11/2015 12:04,29/08/2015 21:00:00,72.875,,0:26,26
7/11/2015 14:50,7/11/2015 16:06,139,14:50,139,16:06,,7/11/2015 14:50,29/08/2015 21:32:00,72.89722222,,1:16,76
7/11/2015 18:56,7/11/2015 19:27,139,18:56,139,19:27,,7/11/2015 18:56,29/08/2015 22:30:00,72.9375,,0:31,31
7/11/2015 21:45,7/11/2015 23:40,139,21:45,139,23:40,Not Past Midnight,7/11/2015 21:45,30/08/2015 08:18:00,73.34583333,,1:55,115
8/11/2015 0:08,8/11/2015 3:13,140,0:08,140,3:13,,8/11/2015 0:08,30/08/2015 11:14:00,73.46805556,,3:05,185
8/11/2015 3:56,8/11/2015 7:45,140,3:56,140,7:45,,8/11/2015 3:56,30/08/2015 11:49:00,73.49236111,,3:49,229
8/11/2015 8:42,8/11/2015 11:15,140,8:42,140,11:15,,8/11/2015 8:42,30/08/2015 15:00:00,73.625,,2:33,153
8/11/2015 13:50,8/11/2015 14:20,140,13:50,140,14:20,,8/11/2015 13:50,30/08/2015 15:29:00,73.64513889,,0:30,30
8/11/2015 16:30,8/11/2015 17:10,140,16:30,140,17:10,,8/11/2015 16:30,30/08/2015 18:49:00,73.78402778,,0:40,40
8/11/2015 19:45,8/11/2015 20:16,140,19:45,140,20:16,,8/11/2015 19:45,30/08/2015 19:20:00,73.80555556,,0:31,31
8/11/2015 22:38,9/11/2015 2:20,140,0:00,141,2:20,Past Midnight,8/11/2015 22:38,30/08/2015 22:55:00,73.95486111,,2:20,140
9/11/2015 2:49,9/11/2015 5:48,141,2:49,141,5:48,,9/11/2015 2:49,31/08/2015 04:45:00,74.19791667,,2:59,179
9/11/2015 5:56,9/11/2015 8:10,141,5:56,141,8:10,,9/11/2015 5:56,31/08/2015 05:20:00,74.22222222,,2:14,134
9/11/2015 10:33,9/11/2015 11:10,141,10:33,141,11:10,,9/11/2015 10:33,31/08/2015 10:19:00,74.42986111,,0:37,37
9/11/2015 13:46,9/11/2015 14:28,141,13:46,141,14:28,,9/11/2015 13:46,31/08/2015 13:15:00,74.55208333,,0:42,42
9/11/2015 16:16,9/11/2015 16:44,141,16:16,141,16:44,,9/11/2015 16:16,31/08/2015 13:36:00,74.56666667,,0:28,28
9/11/2015 19:30,9/11/2015 20:01,141,19:30,141,20:01,,9/11/2015 19:30,31/08/2015 16:45:00,74.69791667,,0:31,31
9/11/2015 22:25,10/11/2015 3:20,141,0:00,142,3:20,Past Midnight,9/11/2015 22:25,31/08/2015 17:34:00,74.73194444,,3:20,200
10/11/2015 3:56,10/11/2015 6:50,142,3:56,142,6:50,,10/11/2015 3:56,31/08/2015 18:41:00,74.77847222,,2:54,174
10/11/2015 8:51,10/11/2015 10:38,142,8:51,142,10:38,,10/11/2015 8:51,31/08/2015 19:04:00,74.79444444,,1:47,107
10/11/2015 13:31,10/11/2015 15:15,142,13:31,142,15:15,,10/11/2015 13:31,31/08/2015 21:10:00,74.88194444,,1:44,104
10/11/2015 17:34,10/11/2015 18:07,142,17:34,142,18:07,,10/11/2015 17:34,31/08/2015 21:39:00,74.90208333,,0:33,33
10/11/2015 21:45,10/11/2015 23:52,142,21:45,142,23:52,Not Past Midnight,10/11/2015 21:45,31/08/2015 21:53:00,74.91180556,,2:07,127
11/11/2015 0:28,11/11/2015 3:58,143,0:28,143,3:58,,11/11/2015 0:28,1/9/2015 1:45,75.07291667,,3:30,210
11/11/2015 4:56,11/11/2015 7:09,143,4:56,143,7:09,,11/11/2015 4:56,1/9/2015 2:33,75.10625,,2:13,133
11/11/2015 10:27,11/11/2015 12:04,143,10:27,143,12:04,,11/11/2015 10:27,1/9/2015 6:00,75.25,,1:37,97
11/11/2015 14:25,11/11/2015 15:01,143,14:25,143,15:01,,11/11/2015 14:25,1/9/2015 7:00,75.29166667,,0:36,36
11/11/2015 19:10,11/11/2015 19:51,143,19:10,143,19:51,,11/11/2015 19:10,1/9/2015 8:00,75.33333333,,0:41,41
11/11/2015 21:50,12/11/2015 1:24,143,0:00,144,1:24,Past Midnight,11/11/2015 21:50,1/9/2015 20:25,75.85069444,,1:24,84
12/11/2015 2:07,12/11/2015 7:25,144,2:07,144,7:25,,12/11/2015 2:07,1/9/2015 20:41,75.86180556,,5:18,318
12/11/2015 10:13,12/11/2015 12:58,144,10:13,144,12:58,,12/11/2015 10:13,1/9/2015 22:06,75.92083333,,2:45,165
12/11/2015 15:21,12/11/2015 16:13,144,15:21,144,16:13,,12/11/2015 15:21,1/9/2015 22:47,75.94930556,,0:52,52
12/11/2015 19:27,12/11/2015 21:00,144,19:27,144,21:00,,12/11/2015 19:27,1/9/2015 23:00,75.95833333,,1:33,93
12/11/2015 22:26,13/11/2015 02:44:00,144,0:00,145,2:44,Past Midnight,12/11/2015 22:26,2/9/2015 7:40,76.31944444,,2:44,164
13/11/2015 03:34:00,13/11/2015 07:04:00,145,3:34,145,7:04,,13/11/2015 03:34:00,2/9/2015 10:01,76.41736111,,3:30,210
13/11/2015 09:39:00,13/11/2015 10:08:00,145,9:39,145,10:08,,13/11/2015 09:39:00,2/9/2015 10:41,76.44513889,,0:29,29
13/11/2015 12:50:00,13/11/2015 12:55:00,145,12:50,145,12:55,,13/11/2015 12:50:00,2/9/2015 13:59,76.58263889,,0:05,5
13/11/2015 15:24:00,13/11/2015 16:40:00,145,15:24,145,16:40,,13/11/2015 15:24:00,2/9/2015 14:35,76.60763889,,1:16,76
13/11/2015 20:45:00,14/11/2015 04:05:00,145,0:00,146,4:05,Past Midnight,13/11/2015 20:45:00,2/9/2015 16:56,76.70555556,,4:05,245
14/11/2015 05:00:00,14/11/2015 07:57:00,146,5:00,146,7:57,,14/11/2015 05:00:00,2/9/2015 17:23,76.72430556,,2:57,177
14/11/2015 12:23:00,14/11/2015 14:20:00,146,12:23,146,14:20,,14/11/2015 12:23:00,2/9/2015 21:55,76.91319444,,1:57,117
14/11/2015 17:18:00,14/11/2015 17:49:00,146,17:18,146,17:49,,14/11/2015 17:18:00,3/9/2015 4:56,77.20555556,,0:31,31
14/11/2015 23:20:00,15/11/2015 03:01:00,146,0:00,147,3:01,Past Midnight,14/11/2015 23:20:00,3/9/2015 5:40,77.23611111,,3:01,181
15/11/2015 03:37:00,15/11/2015 05:58:00,147,3:37,147,5:58,,15/11/2015 03:37:00,3/9/2015 7:50,77.32638889,,2:21,141
15/11/2015 06:04:00,15/11/2015 08:00:00,147,6:04,147,8:00,,15/11/2015 06:04:00,3/9/2015 11:03,77.46041667,,1:56,116
15/11/2015 08:23:00,15/11/2015 09:15:00,147,8:23,147,9:15,,15/11/2015 08:23:00,3/9/2015 11:38,77.48472222,,0:52,52
15/11/2015 11:59:00,15/11/2015 12:44:00,147,11:59,147,12:44,,15/11/2015 11:59:00,3/9/2015 14:15,77.59375,,0:45,45
15/11/2015 14:37:00,15/11/2015 15:10:00,147,14:37,147,15:10,,15/11/2015 14:37:00,3/9/2015 14:45,77.61458333,,0:33,33
15/11/2015 18:22:00,15/11/2015 18:50:00,147,18:22,147,18:50,,15/11/2015 18:22:00,3/9/2015 16:45,77.69791667,,0:28,28
15/11/2015 21:50:00,16/11/2015 01:51:00,147,0:00,148,1:51,Past Midnight,15/11/2015 21:50:00,3/9/2015 17:40,77.73611111,,1:51,111
16/11/2015 02:26:00,16/11/2015 05:26:00,148,2:26,148,5:26,,16/11/2015 02:26:00,3/9/2015 22:19,77.92986111,,3:00,180
16/11/2015 05:41:00,16/11/2015 07:58:00,148,5:41,148,7:58,,16/11/2015 05:41:00,4/9/2015 4:04,78.16944444,,2:17,137
16/11/2015 10:40:00,16/11/2015 12:32:00,148,10:40,148,12:32,,16/11/2015 10:40:00,4/9/2015 4:55,78.20486111,,1:52,112
16/11/2015 14:04:00,16/11/2015 14:24:00,148,14:04,148,14:24,,16/11/2015 14:04:00,4/9/2015 9:30,78.39583333,,0:20,20
16/11/2015 16:44:00,16/11/2015 19:14:00,148,16:44,148,19:14,,16/11/2015 16:44:00,4/9/2015 12:15,78.51041667,,2:30,150
16/11/2015 22:10:00,17/11/2015 01:57:00,148,0:00,149,1:57,Past Midnight,16/11/2015 22:10:00,4/9/2015 12:35,78.52430556,,1:57,117
17/11/2015 02:34:00,17/11/2015 05:53:00,149,2:34,149,5:53,,17/11/2015 02:34:00,4/9/2015 13:30,78.5625,,3:19,199
17/11/2015 06:03:00,17/11/2015 09:58:00,149,6:03,149,9:58,,17/11/2015 06:03:00,4/9/2015 13:44,78.57222222,,3:55,235
17/11/2015 12:21:00,17/11/2015 13:52:00,149,12:21,149,13:52,,17/11/2015 12:21:00,4/9/2015 14:05,78.58680556,,1:31,91
17/11/2015 16:20:00,17/11/2015 16:30:00,149,16:20,149,16:30,,17/11/2015 16:20:00,4/9/2015 14:56,78.62222222,,0:10,10
17/11/2015 18:07:00,17/11/2015 18:41:00,149,18:07,149,18:41,,17/11/2015 18:07:00,4/9/2015 18:50,78.78472222,,0:34,34
17/11/2015 22:15:00,18/11/2015 01:27:00,149,0:00,150,1:27,Past Midnight,17/11/2015 22:15:00,4/9/2015 19:18,78.80416667,,1:27,87
18/11/2015 02:05:00,18/11/2015 09:15:00,150,2:05,150,9:15,,18/11/2015 02:05:00,4/9/2015 22:25,78.93402778,,7:10,430
18/11/2015 21:01:00,19/11/2015 02:35:00,150,0:00,151,2:35,Past Midnight,18/11/2015 21:01:00,5/9/2015 3:34,79.14861111,,2:35,155
19/11/2015 03:37:00,19/11/2015 09:30:00,151,3:37,151,9:30,,19/11/2015 03:37:00,5/9/2015 4:22,79.18194444,,5:53,353
19/11/2015 15:32:00,19/11/2015 15:52:00,151,15:32,151,15:52,,19/11/2015 15:32:00,5/9/2015 9:50,79.40972222,,0:20,20
19/11/2015 17:58:00,19/11/2015 18:39:00,151,17:58,151,18:39,,19/11/2015 17:58:00,5/9/2015 11:15,79.46875,,0:41,41
19/11/2015 22:08:00,20/11/2015 01:30:00,151,0:00,152,1:30,Past Midnight,19/11/2015 22:08:00,5/9/2015 11:15,79.46875,,1:30,90
20/11/2015 02:02:00,20/11/2015 05:26:00,152,2:02,152,5:26,,20/11/2015 02:02:00,5/9/2015 11:48,79.49166667,,3:24,204
20/11/2015 05:37:00,20/11/2015 08:15:00,152,5:37,152,8:15,,20/11/2015 05:37:00,5/9/2015 11:48,79.49166667,,2:38,158
20/11/2015 10:43:00,20/11/2015 12:08:00,152,10:43,152,12:08,,20/11/2015 10:43:00,5/9/2015 15:30,79.64583333,,1:25,85
20/11/2015 14:50:00,20/11/2015 15:00:00,152,14:50,152,15:00,,20/11/2015 14:50:00,5/9/2015 17:20,79.72222222,,0:10,10
20/11/2015 16:59:00,20/11/2015 17:31:00,152,16:59,152,17:31,,20/11/2015 16:59:00,6/9/2015 0:30,80.02083333,,0:32,32
20/11/2015 22:02:00,21/11/2015 02:02:00,152,0:00,153,2:02,Past Midnight,20/11/2015 22:02:00,6/9/2015 5:10,80.21527778,,2:02,122
21/11/2015 02:43:00,21/11/2015 06:08:00,153,2:43,153,6:08,,21/11/2015 02:43:00,6/9/2015 5:55,80.24652778,,3:25,205
21/11/2015 06:18:00,21/11/2015 07:44:00,153,6:18,153,7:44,,21/11/2015 06:18:00,6/9/2015 10:20,80.43055556,,1:26,86
21/11/2015 07:55:00,21/11/2015 09:28:00,153,7:55,153,9:28,,21/11/2015 07:55:00,6/9/2015 22:50,80.95138889,,1:33,93
21/11/2015 12:28:00,21/11/2015 13:54:00,153,12:28,153,13:54,,21/11/2015 12:28:00,7/9/2015 4:35,81.19097222,,1:26,86
21/11/2015 22:15:00,22/11/2015 03:19:00,153,0:00,154,3:19,Past Midnight,21/11/2015 22:15:00,7/9/2015 5:26,81.22638889,,3:19,199
22/11/2015 04:56:00,22/11/2015 07:50:00,154,4:56,154,7:50,,22/11/2015 04:56:00,7/9/2015 10:34,81.44027778,,2:54,174
22/11/2015 08:03:00,22/11/2015 09:03:00,154,8:03,154,9:03,,22/11/2015 08:03:00,7/9/2015 13:35,81.56597222,,1:00,60
22/11/2015 14:52:00,22/11/2015 16:06:00,154,14:52,154,16:06,,22/11/2015 14:52:00,7/9/2015 14:00,81.58333333,,1:14,74
22/11/2015 23:06:00,23/11/2015 01:41:00,154,0:00,155,1:41,Past Midnight,22/11/2015 23:06:00,7/9/2015 16:27,81.68541667,,1:41,101
23/11/2015 02:23:00,23/11/2015 07:30:00,155,2:23,155,7:30,,23/11/2015 02:23:00,7/9/2015 16:54,81.70416667,,5:07,307
23/11/2015 07:46:00,23/11/2015 10:40:00,155,7:46,155,10:40,,23/11/2015 07:46:00,7/9/2015 19:26,81.80972222,,2:54,174
23/11/2015 14:00:00,23/11/2015 14:36:00,155,14:00,155,14:36,,23/11/2015 14:00:00,7/9/2015 19:50,81.82638889,,0:36,36
23/11/2015 16:37:00,23/11/2015 17:16:00,155,16:37,155,17:16,,23/11/2015 16:37:00,7/9/2015 21:50,81.90972222,,0:39,39
23/11/2015 20:15:00,23/11/2015 20:50:00,155,20:15,155,20:50,,23/11/2015 20:15:00,8/9/2015 2:15,82.09375,,0:35,35
23/11/2015 23:34:00,24/11/2015 01:44:00,155,0:00,156,1:44,Past Midnight,23/11/2015 23:34:00,8/9/2015 3:11,82.13263889,,1:44,104
24/11/2015 02:14:00,24/11/2015 07:45:00,156,2:14,156,7:45,,24/11/2015 02:14:00,8/9/2015 9:31,82.39652778,,5:31,331
24/11/2015 07:53:00,24/11/2015 10:00:00,156,7:53,156,10:00,,24/11/2015 07:53:00,8/9/2015 12:30,82.52083333,,2:07,127
24/11/2015 12:22:00,24/11/2015 12:56:00,156,12:22,156,12:56,,24/11/2015 12:22:00,8/9/2015 13:00,82.54166667,,0:34,34
24/11/2015 15:05:00,24/11/2015 15:37:00,156,15:05,156,15:37,,24/11/2015 15:05:00,8/9/2015 16:21,82.68125,,0:32,32
24/11/2015 22:12:00,25/11/2015 00:24:00,156,0:00,157,0:24,Past Midnight,24/11/2015 22:12:00,8/9/2015 16:50,82.70138889,,0:24,24
25/11/2015 00:52:00,25/11/2015 03:55:00,157,0:52,157,3:55,,25/11/2015 00:52:00,8/9/2015 18:02,82.75138889,,3:03,183
25/11/2015 05:30:00,25/11/2015 10:30:00,157,5:30,157,10:30,,25/11/2015 05:30:00,8/9/2015 18:07,82.75486111,,5:00,300
25/11/2015 13:11:00,25/11/2015 14:39:00,157,13:11,157,14:39,,25/11/2015 13:11:00,8/9/2015 19:28,82.81111111,,1:28,88
25/11/2015 17:37:00,25/11/2015 18:04:00,157,17:37,157,18:04,,25/11/2015 17:37:00,8/9/2015 19:57,82.83125,,0:27,27
25/11/2015 21:50:00,25/11/2015 23:20:00,157,21:50,157,23:20,,25/11/2015 21:50:00,8/9/2015 22:35,82.94097222,,1:30,90
25/11/2015 23:53:00,26/11/2015 02:35:00,157,0:00,158,2:35,Past Midnight,25/11/2015 23:53:00,9/9/2015 3:01,83.12569444,,2:35,155
26/11/2015 03:43:00,26/11/2015 06:52:00,158,3:43,158,6:52,,26/11/2015 03:43:00,9/9/2015 3:57,83.16458333,,3:09,189
26/11/2015 07:19:00,26/11/2015 09:32:00,158,7:19,158,9:32,,26/11/2015 07:19:00,9/9/2015 9:10,83.38194444,,2:13,133
26/11/2015 11:39:00,26/11/2015 13:07:00,158,11:39,158,13:07,,26/11/2015 11:39:00,9/9/2015 10:20,83.43055556,,1:28,88
26/11/2015 20:10:00,26/11/2015 20:43:00,158,20:10,158,20:43,,26/11/2015 20:10:00,9/9/2015 10:39,83.44375,,0:33,33
26/11/2015 22:17:00,26/11/2015 00:00:00,158,22:17,158,23:59,,26/11/2015 22:17:00,9/9/2015 12:26,83.51805556,,1:42,102
